Date,Open,High,Low,Close,Adj Close,Volume
01/01/2014,472.049988,477.700012,468.600006,469.950012,432.132446,67564
02/01/2014,472,474.700012,460,469.950012,432.132446,661161
03/01/2014,468.950012,472.200012,460.25,469.299988,431.534729,54614
06/01/2014,472,477,466,469.049988,431.304871,98398
07/01/2014,473.5,474.700012,461.5,471.600006,433.649658,75500
08/01/2014,468.850006,478.899994,468.399994,472.350006,434.339325,120175
09/01/2014,474.850006,474.850006,463.950012,466.299988,428.776123,27745
10/01/2014,469,477.899994,462.5,465.899994,428.408386,99347
13/01/2014,468,474,468,471.049988,433.14389,33480
14/01/2014,472,473.5,466,469.450012,431.672668,29281
15/01/2014,473.25,475.950012,470.25,475.049988,436.822052,70314
16/01/2014,471.25,481.600006,471.25,475.799988,437.511688,76296
17/01/2014,477.799988,478,471.100006,475.149994,436.914001,72734
20/01/2014,475.149994,478.5,472.850006,475.700012,437.419739,22163
21/01/2014,478.399994,490,470,473.850006,435.718628,85114
22/01/2014,496.5,533.299988,496.5,511.600006,470.430817,1248186
23/01/2014,513.450012,558,507,545.799988,501.878662,1106042
24/01/2014,537,548.799988,525.299988,537.150024,498.491364,298425
27/01/2014,532,567.700012,525,545.599976,506.333221,480478
28/01/2014,552.849976,565,536.049988,538.150024,499.419556,125514
29/01/2014,541.049988,549.5,521,525.400024,487.587006,87987
30/01/2014,520.400024,533,512,513.5,476.543457,76094
31/01/2014,517.900024,544.900024,516,539.150024,500.347473,132058
03/02/2014,544,567,543.799988,560.200012,519.882629,236906
04/02/2014,558.950012,563.950012,545.150024,550.450012,510.834259,116908
05/02/2014,552.049988,557.700012,548.049988,550.099976,510.509369,39884
06/02/2014,550.799988,554.799988,533,534.75,496.26413,64380
07/02/2014,535.049988,554,535.049988,540.599976,501.693024,59966
10/02/2014,541,551,536,540.349976,501.46106,30108
11/02/2014,540,548,535.099976,541.549988,502.574677,32226
12/02/2014,540.549988,565,540.549988,561.099976,520.717651,272147
13/02/2014,564.849976,572,549.299988,557.400024,517.283936,130274
14/02/2014,558,562.700012,550.849976,557.849976,517.701599,25736
17/02/2014,562,570,550.049988,554.299988,514.407166,20053
18/02/2014,555.5,560.5,550.349976,555.049988,515.103088,41208
19/02/2014,558.700012,558.700012,551.400024,554.900024,514.963989,60972
20/02/2014,554.599976,564.400024,546.549988,551.599976,511.901306,30935
21/02/2014,559.5,565.799988,552,559.400024,519.140137,90298
24/02/2014,564,564,550,552.25,512.504761,40017
25/02/2014,554,563.950012,552.650024,554.549988,514.639099,26865
26/02/2014,552.700012,559,551,554.75,514.824768,23473
28/02/2014,559,559.299988,550.099976,553.799988,513.943115,68344
03/03/2014,553,578.5,553,562.799988,522.295349,170465
04/03/2014,569.799988,576,562,564.700012,524.058655,109089
05/03/2014,568.849976,569.5,560,561.950012,521.50647,198612
06/03/2014,562.5,565.349976,551.5,557.5,517.376709,52737
07/03/2014,560,563,550.200012,553.950012,514.082214,46846
10/03/2014,552,556.25,537,539.099976,500.300934,43276
11/03/2014,540,543.25,518.599976,519.75,482.343658,71880
12/03/2014,520,535.799988,520,522.900024,485.266968,58663
13/03/2014,523.049988,534.799988,523.049988,528.700012,490.649567,45194
14/03/2014,529,557.599976,520.25,535.400024,496.867401,203516
18/03/2014,536.049988,551.900024,531.349976,543.650024,504.52359,95677
19/03/2014,540.549988,548,528.099976,537.75,499.048309,262434
20/03/2014,534.5,544.950012,534.5,540.549988,501.646729,28422
21/03/2014,544.950012,561.900024,541.200012,557.950012,517.794434,90863
24/03/2014,558,568.450012,547,550.700012,511.066162,39185
25/03/2014,548.25,554.650024,540.299988,545.5,506.240509,23967
26/03/2014,544.799988,549.700012,538,544.450012,505.265991,85290
27/03/2014,543.099976,555,537,544.5,505.312408,51154
28/03/2014,541.200012,548.799988,522.099976,529.299988,491.206299,64912
31/03/2014,530,540,522.099976,524.25,486.519745,67778
01/04/2014,530.200012,538,520.25,534.299988,495.846466,67780
02/04/2014,530.200012,556,530.200012,549.799988,510.230957,122409
03/04/2014,564,575,556,558.25,518.072937,171225
04/04/2014,563.950012,565.5,559.299988,562.75,522.249023,98324
07/04/2014,563.25,567.549988,548,549.950012,510.370178,178375
09/04/2014,552,565,552,559.450012,519.186401,78212
10/04/2014,568,644,564,568.200012,527.306763,412220
11/04/2014,570,574,556,558.450012,518.258484,76059
15/04/2014,562.599976,564.799988,557.200012,559.5,519.23291,106264
16/04/2014,558,564.900024,551.099976,553.700012,513.85022,41229
17/04/2014,552.25,561.900024,552.099976,554.25,514.360718,46016
21/04/2014,557.799988,564,547,550.950012,511.298218,46643
22/04/2014,556.799988,561.400024,542.400024,548.299988,508.838989,189423
23/04/2014,545.450012,562.900024,545.450012,559.950012,519.650513,59287
24/04/2014,559.950012,559.950012,559.950012,559.950012,519.650513,0
25/04/2014,560.650024,565,550,560.349976,520.021729,47693
28/04/2014,555.349976,567,555.349976,563.450012,522.89856,40436
29/04/2014,560.25,597.450012,560.099976,586.049988,543.872009,302007
30/04/2014,587.25,603,570,578,536.401306,179056
02/05/2014,578,591.950012,577,585.549988,543.408081,62082
05/05/2014,585.200012,606.849976,585.200012,601.450012,558.163696,222907
06/05/2014,609.900024,649,609.849976,642.349976,596.120178,520419
07/05/2014,640,658.650024,626.900024,634.25,588.603027,341061
08/05/2014,639.400024,643.400024,631,636.299988,590.505554,185439
09/05/2014,639,647,624.099976,627.400024,582.246216,165397
12/05/2014,670.400024,689,639.299988,643.75,597.419373,665704
13/05/2014,649.650024,655,630,633.200012,587.628784,118274
14/05/2014,631.400024,638.700012,620,624.150024,579.230042,89617
15/05/2014,629.799988,630,597,604.75,561.226257,405606
16/05/2014,605.200012,628,592,594.650024,551.85321,304662
19/05/2014,599.650024,603.75,571.75,591.900024,549.301025,489620
20/05/2014,592.099976,629,592.099976,619.900024,575.285828,179929
21/05/2014,618.200012,642.049988,618.200012,629.150024,583.870117,134817
22/05/2014,630.450012,639.200012,630.450012,634.650024,588.974426,134126
23/05/2014,635.099976,636.599976,620.099976,625.200012,580.204407,38533
26/05/2014,611,633,593.950012,604,560.530212,65737
27/05/2014,606,626.799988,594.400024,609.549988,565.680725,40753
28/05/2014,607,624,605,619.549988,574.961121,49983
29/05/2014,625.5,631,607.150024,614.299988,570.088928,43538
30/05/2014,608.599976,622.599976,608.599976,611.349976,567.351196,53256
02/06/2014,612.349976,642,609.950012,633.299988,587.721436,54511
03/06/2014,635.200012,642.5,626.5,631,585.586975,43034
04/06/2014,634.200012,638.400024,614.200012,618.150024,573.661926,33909
05/06/2014,618.150024,629,607.099976,613.200012,569.068176,161523
06/06/2014,615,665,614,635.799988,590.041504,186138
09/06/2014,643.950012,657.900024,635,651.650024,604.750793,81725
10/06/2014,648,671,642,656.200012,608.973389,106188
11/06/2014,658.900024,669.75,655,663.099976,615.37677,52325
12/06/2014,663.5,689,663.5,685.400024,636.07196,246875
13/06/2014,690.099976,691.900024,668.150024,676.049988,627.394653,172909
16/06/2014,675.400024,676,660.849976,669.049988,625.524902,65014
17/06/2014,669.049988,677,662.549988,671.950012,628.236267,35098
18/06/2014,668.049988,689,668,679.650024,635.435303,109216
19/06/2014,680,686,665,680.900024,636.603943,49988
20/06/2014,675.349976,685,670,673.299988,629.498413,31942
23/06/2014,673.5,684,671.549988,678.900024,634.73407,26102
24/06/2014,673.5,700,673.5,695.25,650.020447,107958
25/06/2014,693.200012,722.799988,692.799988,711.700012,665.40033,131185
26/06/2014,712,723.950012,696.400024,702.400024,656.705322,40102
27/06/2014,695.5,711,694.549988,702.900024,657.172791,34412
30/06/2014,705.099976,720,703,710.049988,663.857666,116809
01/07/2014,707.549988,718.900024,705,712.200012,665.867798,79093
02/07/2014,718,724.75,711.200012,716.799988,670.168518,55466
03/07/2014,714.049988,723.299988,697,706.849976,660.865845,112061
04/07/2014,707,712,692,696.900024,651.563171,62402
07/07/2014,699.950012,700.75,690,693.349976,648.24408,66900
08/07/2014,697.950012,698.5,675,683.349976,638.894531,48470
09/07/2014,702,702,674.25,680.299988,636.04303,102536
10/07/2014,676.150024,692.799988,668,680,635.762573,49428
11/07/2014,682.299988,692.799988,672.049988,676.099976,632.116211,40536
14/07/2014,675,678,659.5,666.099976,622.766724,182176
15/07/2014,663.150024,739,663.150024,691.900024,646.888367,256391
16/07/2014,696,718,680,706.099976,660.164551,86318
17/07/2014,701.049988,714.799988,680,700.150024,654.601685,124734
18/07/2014,694.5,702.650024,692,697.150024,651.796814,17134
21/07/2014,697.950012,710.150024,696.25,699.5,653.993896,31622
22/07/2014,695.099976,705,688,696.950012,651.609985,54575
23/07/2014,698.950012,701.799988,692.5,699.75,654.2276,40018
24/07/2014,699.299988,709.799988,685.599976,689.950012,645.065247,73188
25/07/2014,690.049988,699.799988,688,694.599976,649.41272,86394
28/07/2014,704,725.5,697.099976,720.75,673.86145,61415
30/07/2014,725,744.5,722,734.549988,686.763733,125888
31/07/2014,770.400024,785,740,743.700012,695.318481,278171
01/08/2014,735.049988,762,735,745.450012,696.954712,88607
04/08/2014,747.549988,759.950012,747.549988,753.650024,704.621277,91434
05/08/2014,755.549988,763.549988,750.299988,756.400024,707.192322,52021
06/08/2014,756.400024,757,750,751.099976,702.237122,28170
07/08/2014,750,756,739.900024,750,701.208679,81036
08/08/2014,746.950012,760,734,746.75,698.170105,72042
11/08/2014,746,755,746,749.900024,701.115234,60705
12/08/2014,750,759.5,744,746,697.468872,34286
13/08/2014,743,749.549988,736,740.200012,692.046204,50060
14/08/2014,738,746.5,736.099976,740.150024,691.999512,24490
18/08/2014,737.049988,772,737.049988,754.799988,705.696289,222019
19/08/2014,752.150024,775,752.150024,766.900024,717.009277,105020
20/08/2014,767.5,788,761,771.900024,721.68396,106620
21/08/2014,775,799,775,792.849976,741.271057,82698
22/08/2014,799.900024,799.900024,781,783.5,732.529175,31555
25/08/2014,791.349976,795,783,786.099976,734.960144,26518
26/08/2014,795,813.950012,791,808.849976,756.230164,66735
27/08/2014,811.349976,837.950012,803.5,824.450012,770.815308,97015
28/08/2014,827.700012,854,827,832.75,778.575378,119523
01/09/2014,837,845,793,829.950012,775.95752,55997
02/09/2014,832.700012,848,829.900024,843.349976,788.48584,35321
03/09/2014,846.400024,856.700012,844.049988,852.049988,796.619751,36424
04/09/2014,855.049988,872,854,859.900024,803.959045,90476
05/09/2014,882,898.799988,872,886.400024,828.735229,197180
08/09/2014,887.950012,888,865,870.099976,813.495605,85639
09/09/2014,870.150024,880,860,866.299988,809.942749,62559
10/09/2014,864,873,860,864.099976,807.885925,34287
11/09/2014,862.099976,876.400024,862.099976,874.25,817.375549,71064
12/09/2014,881.900024,881.900024,863.049988,870.049988,813.448792,92375
15/09/2014,877.900024,877.900024,865.049988,874.799988,817.889771,49422
16/09/2014,887.900024,933.700012,860,886.049988,828.407959,137811
17/09/2014,877.099976,898.049988,851,855.700012,800.03241,86285
18/09/2014,854.799988,861.599976,828.049988,839.650024,785.02655,191668
19/09/2014,847.5,872.049988,840,845.150024,790.168762,157173
22/09/2014,849,866.950012,847.599976,856.25,800.546631,49008
23/09/2014,870,880,840,849.5,794.235718,95879
24/09/2014,854.950012,860,840.599976,854.599976,799.003967,43324
25/09/2014,855,865.75,837,850.849976,795.497864,77013
26/09/2014,842.299988,866,832.200012,864.349976,808.119507,83721
29/09/2014,866,879.650024,860.25,869.900024,813.308594,52475
30/09/2014,880,884.849976,867.150024,871.450012,814.75769,75973
01/10/2014,879.5,934,866.099976,884.5,826.95874,241301
07/10/2014,885,887.400024,868.599976,870.049988,813.448792,50183
08/10/2014,874.849976,874.849976,846.299988,853.799988,798.255981,48361
09/10/2014,850.049988,854.950012,848.400024,851.099976,795.731567,19127
10/10/2014,845.5,850,837.25,843.099976,788.252075,30207
13/10/2014,840,848.099976,827.5,836.599976,782.174866,166056
14/10/2014,828.25,852.049988,828.25,845.950012,790.916626,16744
15/10/2014,845.950012,845.950012,845.950012,845.950012,790.916626,0
16/10/2014,840.349976,844.75,822.950012,834.299988,780.024536,95480
17/10/2014,826.049988,839.950012,816,818.599976,765.345886,21316
20/10/2014,818.599976,839,811.099976,815.599976,762.541016,19030
21/10/2014,814,835,814,828.650024,774.742065,37908
22/10/2014,839,854.5,833,850.299988,794.983582,75722
27/10/2014,860.25,865.150024,846,853.400024,797.881958,231105
28/10/2014,851,868.299988,850.599976,864.599976,808.353333,35496
29/10/2014,864.599976,874.200012,855.150024,867.099976,810.690735,133113
30/10/2014,863.5,882.099976,863.5,871.049988,814.383789,35537
31/10/2014,871.049988,888,871,881.900024,824.528015,74575
03/11/2014,888.5,919,884.049988,912.099976,852.763306,51773
05/11/2014,919.400024,934,913,920.950012,861.037476,75964
07/11/2014,924,985.049988,882,942.549988,881.2323,245634
10/11/2014,953.5,954.799988,918,923.400024,863.328186,80761
11/11/2014,923.900024,952.349976,920,942.849976,881.512756,39988
12/11/2014,945,976,930,964.75,901.988037,63685
13/11/2014,964,975,951.450012,960.5,898.014587,48487
14/11/2014,961.049988,976,925,936.5,875.575928,168657
17/11/2014,951.700012,969.75,944,967.25,904.325439,70414
18/11/2014,969.950012,1025.699951,964.950012,994.650024,929.943054,131856
19/11/2014,1000,1040,1000,1033.099976,965.891602,87582
20/11/2014,1015,1030,1015,1019.549988,953.223022,35441
21/11/2014,1023.950012,1028.75,998.099976,1004.400024,939.058777,88091
24/11/2014,1001.099976,1024,990.099976,1009.049988,943.406189,63073
25/11/2014,1015.900024,1065,1011.049988,1024.050049,957.430359,133248
26/11/2014,1025,1040,1015,1026.449951,959.674194,45890
27/11/2014,1020.549988,1034,1016.599976,1021.200012,954.765808,25050
28/11/2014,1045,1045,1024.400024,1027.550049,960.702698,28010
01/12/2014,1020,1135,1015,1112.949951,1040.546875,173008
02/12/2014,1128,1184,1128,1151.599976,1076.682739,228494
03/12/2014,1159,1187.800049,1147,1165.75,1089.911987,131386
04/12/2014,1175.900024,1176.800049,1136,1142.349976,1068.034424,62115
05/12/2014,1153.300049,1158.5,1113.300049,1118.849976,1046.06311,89766
08/12/2014,1118.849976,1118.849976,1044,1053.599976,985.057861,140388
09/12/2014,1063.849976,1064.599976,1022.099976,1034.449951,967.153809,69492
10/12/2014,1034.5,1052,1027,1040.099976,972.436279,121297
11/12/2014,1037.5,1042,1026.300049,1034.949951,967.621094,66887
12/12/2014,1035.099976,1074,1025.550049,1067.800049,998.334351,88623
15/12/2014,1060.25,1124,1059.400024,1104.75,1032.880249,233525
16/12/2014,1104.949951,1122.400024,1022,1037.599976,970.098816,112136
17/12/2014,1030.25,1065,965,1039.349976,971.734985,193745
18/12/2014,1060,1072.849976,1050.050049,1063.449951,994.26709,126796
19/12/2014,1074.949951,1074.949951,1035,1044.550049,976.596741,56637
22/12/2014,1048,1070.300049,1027.400024,1064.25,995.015137,104701
23/12/2014,1069.949951,1069.949951,1036.599976,1043.050049,975.194275,23338
24/12/2014,1070.099976,1107,1061,1078.349976,1008.197754,268358
26/12/2014,1089.900024,1097,1073.050049,1086.300049,1015.630554,57286
29/12/2014,1087.5,1109,1081,1103.75,1031.945679,72559
30/12/2014,1110,1125.800049,1091,1101.75,1030.075684,84485
31/12/2014,1100,1140,1100,1130.349976,1056.814941,50946
01/01/2015,1125,1149.900024,1115.099976,1145.5,1070.979248,38444
02/01/2015,1145,1203,1138,1192.5,1114.921875,77466
05/01/2015,1185,1205,1178.599976,1187.199951,1109.966431,41712
06/01/2015,1179.949951,1179.949951,1123.300049,1132.599976,1058.918579,43222
07/01/2015,1148,1150,1101.099976,1126.550049,1053.262451,58436
08/01/2015,1148,1167,1139.050049,1147.5,1072.848999,50774
09/01/2015,1166.699951,1189,1152.050049,1184.349976,1107.30188,81360
12/01/2015,1191,1198.849976,1078.699951,1138.199951,1064.154053,96579
13/01/2015,1135,1178,1135,1147.949951,1073.269897,124854
14/01/2015,1150.099976,1152.900024,1120.25,1125.599976,1052.374023,82989
15/01/2015,1140,1153.050049,1101.849976,1116.050049,1043.445313,55197
16/01/2015,1122,1122,1092,1097.050049,1025.681396,84663
19/01/2015,1118.449951,1124.800049,1088,1111.75,1039.424927,85759
20/01/2015,1116.099976,1148.900024,1116.099976,1139.800049,1065.650269,87859
21/01/2015,1140,1147.949951,1111,1122.25,1049.241821,40360
22/01/2015,1122.099976,1149,1115,1145.800049,1071.259766,88188
23/01/2015,1154.699951,1154.699951,1128,1143.25,1068.875854,45123
27/01/2015,1135.050049,1209,1135.050049,1181.949951,1105.057983,133979
28/01/2015,1184.900024,1223,1182,1211.949951,1133.106445,134700
29/01/2015,1180,1180,1100,1138.400024,1064.341064,213047
30/01/2015,1143.699951,1150.5,1073.199951,1099.699951,1028.159058,233753
02/02/2015,1100,1149.900024,1100,1134.599976,1065.633545,132770
03/02/2015,1134.5,1140,1113.5,1135.300049,1066.291016,74136
04/02/2015,1145.800049,1146.449951,1095,1124.849976,1056.47644,89831
05/02/2015,1128.900024,1138.900024,1101.099976,1107.099976,1039.805054,52455
06/02/2015,1107,1124.400024,1070,1078.650024,1013.084595,54804
09/02/2015,1078.650024,1133,1059.949951,1101.199951,1034.263916,69748
10/02/2015,1086,1149.400024,1077.050049,1140.400024,1071.080933,90215
11/02/2015,1136,1155.599976,1119.25,1142.900024,1073.429199,34880
12/02/2015,1150,1157.099976,1132.800049,1151.5,1081.506348,23531
13/02/2015,1154.949951,1166,1136,1148.900024,1079.064331,27123
16/02/2015,1146.349976,1152,1126.199951,1131.75,1062.956909,332275
18/02/2015,1115.300049,1159.050049,1115.300049,1144.849976,1075.260498,50526
19/02/2015,1142.5,1144.699951,1111,1122.349976,1054.128052,90222
20/02/2015,1125.949951,1141.400024,1112.599976,1118.75,1050.746948,27825
23/02/2015,1120,1127.300049,1110,1116.800049,1048.915527,26297
24/02/2015,1113.050049,1120.349976,1093.099976,1100.800049,1033.888306,38851
25/02/2015,1100.150024,1110.599976,1097,1103.150024,1036.095459,11991
26/02/2015,1105.800049,1105.800049,1062.949951,1070.949951,1005.852478,41370
27/02/2015,1067,1073.150024,1030.099976,1043.150024,979.742371,97595
02/03/2015,1078,1078,1050,1058.650024,994.300232,47532
03/03/2015,1060,1087.300049,1055.050049,1081.449951,1015.714294,51696
04/03/2015,1081.099976,1128,1070.25,1094.199951,1027.689331,69580
05/03/2015,1098,1111,1077.400024,1101.800049,1034.827637,26510
09/03/2015,1105.949951,1126.900024,1085,1091.650024,1025.294312,45516
10/03/2015,1090,1124,1082.599976,1099.099976,1032.291504,104652
11/03/2015,1095,1106.349976,1073,1078.75,1013.178406,70852
12/03/2015,1084.599976,1108,1084.599976,1094.150024,1027.642456,39014
13/03/2015,1097.949951,1103.900024,1077.599976,1088.800049,1022.617493,46076
16/03/2015,1093,1160,1093,1137.800049,1068.63916,167453
17/03/2015,1143,1164,1121,1134.75,1065.774414,147150
18/03/2015,1139,1158.699951,1121,1141.050049,1071.69165,207695
19/03/2015,1140.099976,1172.849976,1140.099976,1145.949951,1076.293701,87822
20/03/2015,1153.5,1160.5,1122,1131.900024,1063.097778,115920
23/03/2015,1149,1152,1131,1138.949951,1069.719482,65478
24/03/2015,1140,1149,1111.349976,1118.900024,1050.887939,34419
25/03/2015,1138.800049,1150.5,1128,1148.550049,1078.73584,116310
26/03/2015,1155,1175,1125,1134.349976,1065.398804,73015
27/03/2015,1148.800049,1153,1120.349976,1138.25,1069.061768,25084
30/03/2015,1132.099976,1157.650024,1131.349976,1146.050049,1076.387695,524837
31/03/2015,1156,1166.5,1137,1158.599976,1088.174683,100444
01/04/2015,1173.949951,1211,1163.900024,1195.5,1122.831787,141124
06/04/2015,1230.300049,1260,1230.300049,1243.150024,1167.585571,168896
07/04/2015,1250.900024,1251,1220.550049,1240.199951,1164.814697,66432
08/04/2015,1248,1283,1247.300049,1262.75,1185.993896,114156
09/04/2015,1260,1263.349976,1215,1236.849976,1161.668091,162451
10/04/2015,1237,1248,1218.699951,1244.300049,1168.665649,51367
13/04/2015,1252,1300,1252,1274.800049,1197.311523,118714
15/04/2015,1325,1333.699951,1296.599976,1303.699951,1224.454956,136765
16/04/2015,1308.5,1325,1261.400024,1309.400024,1229.808472,78689
17/04/2015,1301,1319.949951,1271.550049,1281.25,1203.369629,56347
20/04/2015,1284.5,1289,1219,1236,1160.869995,119937
21/04/2015,1250,1250,1166,1174.550049,1103.155151,76770
22/04/2015,1184,1230.050049,1166.949951,1212.25,1138.563721,133033
23/04/2015,1222,1242,1202.050049,1213.75,1139.972656,119392
24/04/2015,1205,1228.650024,1179.099976,1217.5,1143.494507,44088
27/04/2015,1220.099976,1231.050049,1155.550049,1169.949951,1098.834717,58926
28/04/2015,1161.800049,1211,1135,1191.050049,1118.652344,90351
29/04/2015,1260,1322.949951,1200,1215.5,1141.616211,298017
30/04/2015,1234.800049,1238.699951,1180.050049,1201.849976,1128.795532,72040
04/05/2015,1205,1220,1151,1171.599976,1100.384644,246100
05/05/2015,1152.5,1193.900024,1152.5,1180.699951,1108.931396,87504
06/05/2015,1220,1220,1184.650024,1199.800049,1126.870605,289134
07/05/2015,1209,1218,1179.099976,1205.199951,1131.942139,154830
08/05/2015,1205,1226.800049,1185,1197.599976,1124.804077,57739
11/05/2015,1198,1215,1177.699951,1193.849976,1121.281982,64955
12/05/2015,1190,1190,1166.050049,1179.400024,1107.710449,62232
13/05/2015,1191,1294,1180.349976,1263.300049,1186.510742,311052
14/05/2015,1279.699951,1284.900024,1245.949951,1254.349976,1178.104614,66792
15/05/2015,1254.349976,1271,1235.949951,1257.550049,1181.110107,115242
18/05/2015,1182.599976,1245,1176.25,1226.449951,1151.900391,367779
19/05/2015,1230,1290,1230,1274.900024,1197.40564,173972
20/05/2015,1276,1281.75,1230.25,1245.599976,1169.886475,85861
21/05/2015,1255,1255,1234.5,1245.699951,1169.980347,58075
22/05/2015,1236,1254.900024,1234.800049,1239,1163.687622,61454
25/05/2015,1243.849976,1245.199951,1230,1236.400024,1161.245728,16655
26/05/2015,1248,1250.349976,1236,1239.800049,1164.439087,12608
27/05/2015,1239.800049,1241.050049,1232.199951,1239.300049,1163.969482,35393
28/05/2015,1239.949951,1245,1230,1238.849976,1163.546753,145661
29/05/2015,1233,1236.949951,1199.900024,1204.75,1131.519775,280506
01/06/2015,1220,1242,1169.050049,1222.650024,1148.331421,89522
02/06/2015,1222.650024,1241.5,1205,1210.050049,1136.497437,177357
03/06/2015,1219,1231.050049,1190,1203.599976,1130.439453,139748
04/06/2015,1212.449951,1229.150024,1192,1210.150024,1136.591431,523355
05/06/2015,1200,1243.900024,1200,1231.550049,1156.690674,79634
08/06/2015,1244,1249.699951,1208.699951,1229,1154.29541,40209
09/06/2015,1235.75,1248,1219.949951,1241.050049,1165.613159,37464
10/06/2015,1245,1280,1240.099976,1269.75,1192.568604,75589
11/06/2015,1284.599976,1309,1272.349976,1287.349976,1209.098755,86776
12/06/2015,1290,1290.150024,1256.25,1280.599976,1202.759155,40721
15/06/2015,1290,1290,1269,1278.949951,1207.100464,26911
16/06/2015,1263,1269.800049,1243.050049,1256.349976,1185.770142,23344
17/06/2015,1268,1324.75,1255.050049,1297.25,1224.372803,126613
18/06/2015,1343.400024,1368.5,1329,1337.699951,1262.550171,357051
19/06/2015,1348,1348,1315,1334.650024,1259.671631,144518
22/06/2015,1338.900024,1360,1336,1346.25,1270.619873,67204
23/06/2015,1340,1358,1335,1343.699951,1268.213013,135376
24/06/2015,1350.5,1355,1341.949951,1346.300049,1270.666992,135738
25/06/2015,1354,1370,1332,1344.199951,1268.684937,167311
26/06/2015,1340,1347.800049,1325.150024,1340.050049,1264.768188,49755
29/06/2015,1332.949951,1332.949951,1277,1294,1221.305176,68939
30/06/2015,1292,1315,1281,1301.449951,1228.336426,185441
01/07/2015,1317.5,1336,1317.300049,1322.900024,1248.581543,98446
02/07/2015,1342,1354.900024,1311,1316.449951,1242.493896,90752
03/07/2015,1327.5,1329.800049,1311,1321.699951,1247.448975,166080
06/07/2015,1320,1349.5,1294.949951,1319.900024,1245.750244,220141
07/07/2015,1330,1330.050049,1319.800049,1324.849976,1250.422119,124365
08/07/2015,1329.949951,1330,1307,1317,1243.013184,67492
09/07/2015,1315,1329.949951,1286,1291.900024,1219.32312,66745
10/07/2015,1304.800049,1330.050049,1300,1328.699951,1254.055786,188994
13/07/2015,1332,1332,1324.400024,1329.699951,1254.999512,78531
14/07/2015,1335,1335,1326,1328.349976,1253.725342,86818
15/07/2015,1333.900024,1335.199951,1308,1322,1247.732178,365299
16/07/2015,1329.949951,1330.5,1311.050049,1326.5,1251.979248,81578
17/07/2015,1331,1356,1325,1333.449951,1258.53894,171443
20/07/2015,1339.800049,1345,1330.099976,1336.349976,1261.276001,79574
21/07/2015,1344,1344,1305,1321.449951,1247.213013,51033
22/07/2015,1333,1340.050049,1324.150024,1329.199951,1254.52771,105097
23/07/2015,1342.800049,1342.800049,1320.050049,1327.650024,1253.064819,180690
24/07/2015,1328,1379.949951,1328,1365.050049,1288.36377,271883
27/07/2015,1365.900024,1410,1365.900024,1390.400024,1312.289673,428649
28/07/2015,1514.900024,1515,1381.599976,1397.400024,1318.896362,1068630
29/07/2015,1417.800049,1430,1400,1421.300049,1341.453857,411583
30/07/2015,1429.75,1449.949951,1423,1436,1355.327881,241846
31/07/2015,1448,1450,1434,1441.650024,1360.6604,121033
03/08/2015,1442,1449.900024,1420,1426.400024,1346.26709,144519
04/08/2015,1427.300049,1441.900024,1411.5,1424.800049,1344.75708,146036
05/08/2015,1433.199951,1489,1430,1480.050049,1396.903198,243025
06/08/2015,1490,1494,1476.050049,1485.449951,1401.999756,128578
07/08/2015,1494,1497.949951,1478,1484,1400.631104,77335
10/08/2015,1491,1498.300049,1479.050049,1492,1408.181763,81705
11/08/2015,1498.25,1505.599976,1487.099976,1493.599976,1409.692017,104967
12/08/2015,1493.599976,1493.599976,1493.599976,1493.599976,1409.692017,0
13/08/2015,1530.300049,1540,1487.150024,1516.400024,1431.21106,102107
14/08/2015,1544,1605.800049,1542,1565.800049,1477.835815,290480
17/08/2015,1565.5,1622.050049,1550.349976,1599.150024,1509.312378,125266
18/08/2015,1644,1644,1595.25,1602.900024,1512.851807,135279
19/08/2015,1612.900024,1628,1585.199951,1607.949951,1517.61792,101795
20/08/2015,1609,1674.75,1595,1605.050049,1514.880859,240573
21/08/2015,1614,1669,1584,1641.449951,1549.235962,189026
24/08/2015,1590,1610,1450,1475.150024,1392.27832,221177
25/08/2015,1512,1561,1390.050049,1544.099976,1457.354736,380466
26/08/2015,1544.900024,1604,1522.199951,1570.050049,1481.847168,161750
27/08/2015,1610,1656,1595,1605.150024,1514.975342,191463
28/08/2015,1630.800049,1647.25,1597.550049,1614.650024,1523.941406,151974
31/08/2015,1603.199951,1620,1595.599976,1607,1516.721313,98185
01/09/2015,1600,1718.400024,1583.150024,1635.800049,1543.903442,498744
02/09/2015,1644.699951,1675.150024,1621.150024,1625.5,1534.182129,181067
03/09/2015,1644.650024,1675,1628.099976,1650,1557.305786,410694
04/09/2015,1659.949951,1659.949951,1563.150024,1589.349976,1500.062988,143138
07/09/2015,1595,1595,1514.949951,1528.699951,1442.820068,139770
08/09/2015,1532.900024,1570,1473.650024,1534.400024,1448.199951,189917
09/09/2015,1559.5,1574.400024,1482,1489.099976,1405.444702,147422
10/09/2015,1450.349976,1460,1406.900024,1415.650024,1336.121094,226913
11/09/2015,1419.5,1471,1413.5,1421.25,1341.406372,208672
14/09/2015,1435,1470,1427.75,1458.449951,1376.516602,195140
15/09/2015,1462.900024,1509.900024,1462.900024,1501.5,1417.148193,153843
16/09/2015,1512,1517,1458,1471.699951,1389.022217,187783
18/09/2015,1489.900024,1530.900024,1392,1416.900024,1337.300781,859748
21/09/2015,1419.5,1444.900024,1395,1437.900024,1357.120972,208680
22/09/2015,1452,1455,1392,1401.099976,1322.388428,152804
23/09/2015,1386.099976,1401,1377.5,1384.949951,1307.145752,156174
24/09/2015,1402,1417,1389.650024,1400.699951,1322.010864,179079
28/09/2015,1412.650024,1424,1391.25,1396.650024,1318.188354,189252
29/09/2015,1393,1418.900024,1375,1407.599976,1328.523071,138548
30/09/2015,1417,1510,1410.400024,1502.25,1417.856079,282808
01/10/2015,1511,1529.900024,1471.099976,1492.650024,1408.79541,111186
05/10/2015,1507.599976,1594,1505.050049,1577.75,1489.114624,196479
06/10/2015,1585.900024,1604.800049,1556.099976,1569.699951,1481.516724,97660
07/10/2015,1590.550049,1602,1538.5,1546.599976,1459.714478,90391
08/10/2015,1556,1568,1501.099976,1509.300049,1424.510132,111111
09/10/2015,1536,1548.800049,1505.300049,1526.849976,1441.074219,88824
12/10/2015,1520.699951,1541.099976,1520.699951,1528.650024,1442.773071,77693
13/10/2015,1537,1537,1505.349976,1509.349976,1424.556885,62427
14/10/2015,1517,1550,1510.050049,1543.949951,1457.213135,73737
15/10/2015,1567.900024,1567.900024,1517,1521.300049,1435.835938,128998
16/10/2015,1532.849976,1540,1505.5,1529.949951,1443.999878,60346
19/10/2015,1532.900024,1549,1518.5,1527,1441.215454,71352
20/10/2015,1531.099976,1545,1525.349976,1531.849976,1445.793213,41328
21/10/2015,1539,1622.900024,1533.5,1582.150024,1493.267334,421328
23/10/2015,1600,1605.449951,1573,1581.400024,1492.559692,142505
26/10/2015,1595,1604.900024,1555.900024,1572.25,1483.923584,97663
27/10/2015,1566.099976,1605,1566,1598.849976,1509.029175,145814
28/10/2015,1605.099976,1620,1575.25,1598.599976,1508.793213,227221
29/10/2015,1605.099976,1635,1522.300049,1578.650024,1489.963989,558676
30/10/2015,1620,1625,1530,1541.150024,1454.570801,417573
02/11/2015,1540,1572.099976,1524.150024,1536.550049,1450.229248,237450
03/11/2015,1552,1574.75,1539.349976,1567.199951,1479.156982,127389
04/11/2015,1571,1585.849976,1561,1566.449951,1478.449219,123365
05/11/2015,1573.25,1573.25,1540.050049,1548.949951,1461.932373,75160
06/11/2015,1553.050049,1573,1528.800049,1547.599976,1460.658203,82040
09/11/2015,1512,1560,1510.050049,1550.150024,1463.065186,127346
10/11/2015,1548,1570,1543,1548.449951,1461.460449,129761
13/11/2015,1575,1575,1541.099976,1547.150024,1460.233643,113465
16/11/2015,1545,1554.75,1521,1530.050049,1444.094238,63416
17/11/2015,1532,1545.5,1517.25,1529.050049,1443.150513,273727
18/11/2015,1534,1553.449951,1529.900024,1540.400024,1453.863159,208327
19/11/2015,1544,1549,1521.449951,1534.300049,1448.105469,119628
20/11/2015,1540,1542,1516.099976,1534.400024,1448.199951,85943
23/11/2015,1539,1544.849976,1534,1534.699951,1448.483032,65012
24/11/2015,1539.900024,1539.900024,1505.25,1510.949951,1426.067139,61791
26/11/2015,1513,1524.849976,1503.050049,1515.849976,1430.692017,57265
27/11/2015,1522.949951,1531.599976,1505,1522.449951,1436.921143,56427
30/11/2015,1529,1541.800049,1403.5,1437,1356.271606,864606
01/12/2015,1438,1484.5,1430,1468.650024,1386.143677,388668
02/12/2015,1480,1494.150024,1441.199951,1483.949951,1400.583984,136902
03/12/2015,1493.25,1495,1454.849976,1469.949951,1387.370483,92744
04/12/2015,1465.25,1509.900024,1452,1489.5,1405.822388,231225
07/12/2015,1502.949951,1502.949951,1465,1475.599976,1392.703247,90313
08/12/2015,1475,1475.900024,1448,1459.550049,1377.55481,90523
09/12/2015,1460,1472.949951,1431,1442.849976,1361.792725,93137
10/12/2015,1442.849976,1472.349976,1410,1448.199951,1366.842529,205199
11/12/2015,1456.800049,1456.800049,1421.650024,1433.099976,1352.59082,130757
14/12/2015,1424,1424,1390,1397.150024,1318.6604,186391
15/12/2015,1400,1407,1375.599976,1387.300049,1309.363647,121685
16/12/2015,1393,1413,1393,1405.550049,1326.588379,156906
17/12/2015,1416.300049,1450,1414,1442.25,1361.226685,138992
18/12/2015,1442.25,1470,1430.199951,1446.150024,1364.907593,162698
21/12/2015,1456.849976,1474.599976,1447.5,1470.099976,1387.512085,118693
22/12/2015,1463.050049,1477.900024,1456.099976,1459.099976,1377.130127,98221
23/12/2015,1465,1474.75,1458.150024,1463.949951,1381.707642,39644
24/12/2015,1460.099976,1470,1447,1455.449951,1373.685181,43846
28/12/2015,1457,1482,1454.650024,1463.5,1381.282959,106001
29/12/2015,1469.5,1479.050049,1461.25,1465.349976,1383.028931,47993
30/12/2015,1478.900024,1478.900024,1452,1458.099976,1376.186279,66364
31/12/2015,1486.199951,1498.699951,1441.099976,1451.650024,1370.098511,219158
01/01/2016,1459.900024,1509.900024,1456.199951,1478.900024,1395.817749,375474
04/01/2016,1470,1482.949951,1442.099976,1448.349976,1366.984131,143612
05/01/2016,1444.150024,1459.699951,1420.550049,1435.949951,1355.280518,186614
06/01/2016,1430.150024,1476,1430.150024,1442.849976,1361.792725,162094
07/01/2016,1425.050049,1440.050049,1416,1425,1344.945679,163423
08/01/2016,1425.199951,1449,1425.199951,1440.599976,1359.669312,189952
11/01/2016,1439.949951,1439.949951,1408.5,1416.5,1336.923218,199017
12/01/2016,1417.300049,1450,1414.699951,1438.400024,1357.593018,89837
13/01/2016,1440.699951,1455.75,1364.099976,1409.849976,1330.646851,227613
14/01/2016,1365.050049,1412,1365.050049,1390.150024,1312.053711,126518
15/01/2016,1386.550049,1402.25,1306.25,1323.800049,1249.43103,246741
18/01/2016,1302.150024,1359.849976,1271,1329.5,1254.810913,219038
19/01/2016,1329,1379.800049,1304.150024,1370.75,1293.743408,122998
20/01/2016,1350,1350,1284.099976,1311.900024,1238.199585,281492
21/01/2016,1317.650024,1353.400024,1312.599976,1338.949951,1263.72998,135859
22/01/2016,1341.050049,1398.400024,1341.050049,1391.300049,1313.139038,138269
25/01/2016,1392.199951,1411,1383.75,1399.900024,1321.255859,141747
27/01/2016,1401,1425,1390,1395.150024,1316.772583,143793
28/01/2016,1403,1405,1355.050049,1384,1306.248901,197368
29/01/2016,1392.75,1409.849976,1384.75,1398.849976,1320.264893,114040
01/02/2016,1412,1412,1385.599976,1395.900024,1317.480469,97479
02/02/2016,1403.949951,1403.949951,1342,1348.599976,1272.837891,185352
03/02/2016,1344,1394,1324.400024,1378.650024,1301.199829,138404
04/02/2016,1389.900024,1409.900024,1333.349976,1351.300049,1275.386353,246450
05/02/2016,1390,1402,1360.150024,1374.300049,1297.093994,907688
08/02/2016,1381.949951,1393.949951,1325,1340.75,1265.428833,190781
09/02/2016,1323.800049,1338.849976,1302.400024,1326.550049,1252.026611,94206
10/02/2016,1329.949951,1334.949951,1302.5,1318.949951,1244.853638,137502
11/02/2016,1300.099976,1309.900024,1254.75,1266.099976,1213.371704,308282
12/02/2016,1270,1277.449951,1189,1235.050049,1183.614746,408712
15/02/2016,1266.099976,1307,1245,1301.449951,1247.24939,160868
16/02/2016,1301,1309.75,1237.099976,1272.550049,1219.553101,223295
17/02/2016,1278,1330.949951,1250,1322.900024,1267.805908,161975
18/02/2016,1330.050049,1336.949951,1305.099976,1329.5,1274.131348,177184
19/02/2016,1329.5,1358.449951,1309,1334.800049,1279.210571,73764
22/02/2016,1335,1354.599976,1304.599976,1350.199951,1293.968994,136956
23/02/2016,1355,1359.699951,1304,1308.550049,1254.053833,97255
24/02/2016,1304.949951,1304.949951,1250,1263.400024,1210.78418,180970
25/02/2016,1267.5,1285,1256,1265.150024,1212.461182,178733
26/02/2016,1272.550049,1292.099976,1243.050049,1264.949951,1212.269409,203396
29/02/2016,1273.949951,1275,1224,1261,1208.484009,192204
01/03/2016,1265,1297.25,1251.150024,1287.449951,1233.832397,118325
02/03/2016,1296,1325,1287.550049,1301.150024,1246.961914,314817
03/03/2016,1315,1327.849976,1297.699951,1316,1261.193359,415342
04/03/2016,1324,1348.099976,1314.099976,1328.75,1273.412476,244920
08/03/2016,1335,1344.699951,1306,1313,1258.318359,61507
09/03/2016,1313,1317.800049,1301.099976,1309.400024,1254.868408,131796
10/03/2016,1319,1319,1270.199951,1277.25,1224.057007,384421
11/03/2016,1275,1295.75,1275,1287.900024,1234.263672,91755
14/03/2016,1288,1301.25,1275,1288.900024,1235.222168,70365
15/03/2016,1290,1291.449951,1275,1278.550049,1225.303101,65437
16/03/2016,1270,1270,1250,1254.25,1216.284668,258536
17/03/2016,1267.849976,1271.900024,1251,1256.099976,1218.078735,284504
18/03/2016,1270,1320,1262,1312.75,1273.013916,673058
21/03/2016,1328,1358,1308.150024,1347.75,1306.954346,379092
22/03/2016,1356.900024,1445,1350,1418.099976,1375.174805,512079
23/03/2016,1420.800049,1430.849976,1390,1398,1355.68335,188653
28/03/2016,1399,1408.900024,1359.25,1366.300049,1324.942993,80474
29/03/2016,1368,1368.349976,1304.099976,1340.800049,1300.214844,215089
30/03/2016,1340.099976,1372,1325.550049,1351,1310.105957,237762
31/03/2016,1364,1373.300049,1322.699951,1340.25,1299.681519,290835
01/04/2016,1348,1368,1343.25,1362.099976,1320.869995,114817
04/04/2016,1369.900024,1409.800049,1358.5,1398.099976,1355.780518,138935
05/04/2016,1398.099976,1418.650024,1384,1398.599976,1356.265137,228814
06/04/2016,1415,1415,1375.099976,1380.650024,1338.858643,93173
07/04/2016,1379.5,1407.300049,1376.199951,1384.099976,1342.204102,95664
08/04/2016,1394,1449,1385.050049,1436.75,1393.260498,207337
11/04/2016,1450,1454.849976,1420.099976,1436.25,1392.775635,75245
12/04/2016,1436.25,1471,1434,1458.25,1414.109863,114279
13/04/2016,1470,1478,1456,1471.25,1426.716064,249406
18/04/2016,1474,1487,1449.400024,1474.199951,1429.57666,180315
20/04/2016,1466,1484.199951,1420.5,1425.099976,1381.963135,191155
21/04/2016,1440,1467.699951,1430,1460.800049,1416.582397,111079
22/04/2016,1468.800049,1479,1458.099976,1460.449951,1416.24292,85222
25/04/2016,1474.25,1474.25,1418.800049,1422.699951,1379.635498,108526
26/04/2016,1424,1442,1410.099976,1430.199951,1386.908813,87468
27/04/2016,1428.300049,1452,1426.75,1442.849976,1399.175781,93022
28/04/2016,1436,1449.900024,1412.400024,1419,1376.047607,113277
29/04/2016,1423.949951,1442.699951,1419.099976,1430.25,1386.957397,63462
02/05/2016,1426,1459.949951,1415.900024,1427.199951,1383.99939,116707
03/05/2016,1435,1446.949951,1420.099976,1435.349976,1391.902832,74673
04/05/2016,1439.949951,1444.900024,1395.550049,1402.599976,1360.144043,47949
05/05/2016,1401,1408.800049,1364,1400.650024,1358.253052,105246
06/05/2016,1400,1418.349976,1382.5,1393.150024,1350.980225,34760
09/05/2016,1395,1418.150024,1379,1388.849976,1346.810303,126428
10/05/2016,1390,1406.650024,1377.599976,1390.199951,1348.119385,49716
11/05/2016,1381.050049,1399,1369.949951,1384.050049,1342.15564,42453
12/05/2016,1388.949951,1404,1382,1397.199951,1354.907593,41994
13/05/2016,1399.900024,1407.900024,1388,1391.699951,1349.574097,47583
16/05/2016,1399,1407.900024,1381.849976,1398.949951,1356.604492,39962
17/05/2016,1390.099976,1396.050049,1379.699951,1385.199951,1343.270752,49310
18/05/2016,1384.599976,1393.150024,1380,1381.849976,1340.022339,25708
19/05/2016,1372,1389.699951,1366,1374.699951,1333.088623,31948
20/05/2016,1380.699951,1385.699951,1315,1325.050049,1284.94165,94081
23/05/2016,1340,1355,1315,1329.550049,1289.305542,71973
24/05/2016,1290,1420,1250,1354.5,1313.500122,715729
25/05/2016,1357.150024,1405,1357.150024,1391.449951,1349.331665,181511
26/05/2016,1391,1402,1370,1382.400024,1340.555664,140030
27/05/2016,1383.900024,1406,1360,1378.5,1336.773682,139877
30/05/2016,1379,1384.800049,1353.25,1370.400024,1328.918945,50413
31/05/2016,1365,1369.949951,1332.099976,1341.75,1301.13623,91596
01/06/2016,1355.449951,1369.400024,1331,1362.699951,1321.451904,104152
02/06/2016,1359.849976,1359.849976,1326,1335.949951,1295.511475,112224
03/06/2016,1340,1388.699951,1340,1381.800049,1339.973755,304025
06/06/2016,1392,1399.900024,1351,1371.599976,1330.08252,105068
07/06/2016,1374.400024,1379,1355,1375.400024,1333.767456,35554
08/06/2016,1380.099976,1402.5,1365.199951,1397.550049,1355.246948,93281
09/06/2016,1399,1420,1364.75,1368.300049,1326.882446,101529
10/06/2016,1367.900024,1376,1342.5,1350.5,1309.621216,92775
13/06/2016,1338.349976,1350,1329,1336.300049,1295.850952,66655
14/06/2016,1338.5,1365,1336.099976,1339.900024,1299.342163,149434
15/06/2016,1340.050049,1354,1328.900024,1340.599976,1300.020874,341505
16/06/2016,1334.949951,1357.949951,1330.099976,1339.75,1299.196655,92887
17/06/2016,1339.849976,1355,1335.75,1347.599976,1306.80896,105319
20/06/2016,1339.949951,1350,1332.199951,1340.349976,1299.778442,60472
21/06/2016,1340.349976,1349.199951,1318.050049,1329.400024,1289.160034,139459
22/06/2016,1325,1345.900024,1307,1328.349976,1288.141602,107924
23/06/2016,1340.050049,1353,1331.75,1344.599976,1303.899658,78266
24/06/2016,1287.599976,1329,1287.550049,1322,1281.983887,163368
27/06/2016,1322,1334.099976,1318.150024,1325.75,1285.620239,60715
28/06/2016,1323,1347.949951,1317.800049,1343.400024,1302.736084,75920
29/06/2016,1348,1356.400024,1344.050049,1350.699951,1309.814941,201617
30/06/2016,1355,1379.150024,1350,1372.849976,1331.294678,119320
01/07/2016,1376,1406.599976,1376,1393.699951,1351.513428,119165
04/07/2016,1397.900024,1410,1383,1393.650024,1351.465088,84254
05/07/2016,1395.150024,1405,1388.699951,1398.650024,1356.313965,58879
07/07/2016,1397.75,1405,1387.400024,1398.349976,1356.022827,55444
08/07/2016,1403,1448,1403,1420.349976,1377.357056,271618
11/07/2016,1436,1453,1403,1446.949951,1403.151733,129526
12/07/2016,1451.900024,1459.699951,1428.5,1435.75,1392.290649,76379
13/07/2016,1434,1437.800049,1414,1418.300049,1375.369019,71562
14/07/2016,1425,1445,1414,1439.75,1396.169556,108064
15/07/2016,1448.75,1457.199951,1392.300049,1413.150024,1370.374878,122162
18/07/2016,1410.949951,1424,1392,1396.650024,1354.37439,77189
19/07/2016,1396.650024,1410.550049,1372,1393.099976,1350.931641,83216
20/07/2016,1408,1441.900024,1395.099976,1435.550049,1392.096802,96130
21/07/2016,1440,1505,1424.050049,1455.300049,1411.249146,405429
22/07/2016,1441.5,1475.550049,1415.300049,1459.650024,1415.467407,184782
25/07/2016,1466,1478.650024,1454.050049,1460.449951,1416.24292,73004
26/07/2016,1465,1475,1456.75,1462.449951,1418.182495,117672
27/07/2016,1469,1469,1393,1406.449951,1363.877686,350232
28/07/2016,1375,1446.849976,1363.150024,1437,1393.502808,571865
29/07/2016,1439,1456.800049,1421,1440.449951,1396.848633,289424
01/08/2016,1445,1468,1416,1458.099976,1413.964233,142101
02/08/2016,1458,1494.449951,1458,1483.650024,1438.740723,259567
03/08/2016,1480,1490,1454.400024,1463.550049,1419.249146,64233
04/08/2016,1466.300049,1486.949951,1452.550049,1464.900024,1420.558228,49044
05/08/2016,1465,1528.900024,1465,1519.599976,1473.602539,292037
08/08/2016,1521,1535.25,1505.550049,1526.449951,1480.245361,87344
09/08/2016,1534,1534.900024,1487.599976,1501.5,1456.050537,127352
10/08/2016,1495,1523.949951,1470.199951,1479.25,1434.474121,76932
11/08/2016,1479.25,1489.949951,1461.400024,1478.599976,1433.843628,48271
12/08/2016,1478.599976,1495,1466.550049,1486.900024,1441.892334,70680
16/08/2016,1500,1524.849976,1486,1490.449951,1445.334961,134700
17/08/2016,1497,1510,1490.099976,1505.550049,1459.978027,106238
18/08/2016,1507.25,1594.550049,1505.949951,1569.599976,1522.089233,298009
19/08/2016,1580,1580,1539.150024,1551.199951,1504.246094,157972
22/08/2016,1551.199951,1560.050049,1516,1542.199951,1495.518433,64428
23/08/2016,1540,1592,1521,1584.699951,1536.732178,153221
24/08/2016,1584.949951,1721.599976,1584.949951,1701,1649.511719,1064056
25/08/2016,1690.349976,1769.5,1593.650024,1612.199951,1563.399414,1125739
26/08/2016,1622,1668.900024,1580,1615.5,1566.599609,607250
29/08/2016,1618,1640,1591.050049,1616.099976,1567.181641,171386
30/08/2016,1628.800049,1632,1590.099976,1612.75,1563.933105,158549
31/08/2016,1614.5,1652,1605.550049,1631.949951,1582.552002,173474
01/09/2016,1638,1639.650024,1593,1599.300049,1550.890259,164797
02/09/2016,1599.300049,1624,1591.25,1610.449951,1561.702759,101137
06/09/2016,1619.949951,1635,1607,1631.300049,1581.921631,102685
07/09/2016,1634.25,1647,1608.050049,1618.199951,1569.217896,149019
08/09/2016,1618.150024,1694.800049,1615.550049,1682.050049,1631.135498,239414
09/09/2016,1689.150024,1710.199951,1642,1663.099976,1612.759033,360946
12/09/2016,1645,1686.900024,1613.099976,1655.550049,1605.4375,214294
14/09/2016,1655.550049,1682.050049,1617.949951,1628.400024,1579.109375,199441
15/09/2016,1636,1653.650024,1621.5,1627.400024,1578.139648,80843
16/09/2016,1648.949951,1648.949951,1582.25,1595.949951,1547.641602,298743
19/09/2016,1614.900024,1629.550049,1593.75,1604.800049,1556.223755,125437
20/09/2016,1606.699951,1629,1598.050049,1605.599976,1556.999512,112776
21/09/2016,1607.349976,1628.25,1601.150024,1616.900024,1567.957397,97494
22/09/2016,1628.949951,1654.900024,1616.900024,1649.050049,1599.134399,393591
23/09/2016,1650,1660,1638.150024,1640.849976,1591.182373,94312
26/09/2016,1640.900024,1675,1638.050049,1653.400024,1603.352539,359915
27/09/2016,1655.199951,1684,1648,1656.849976,1606.69812,134693
28/09/2016,1655,1677,1640.199951,1646.599976,1596.758423,335725
29/09/2016,1656.25,1669.75,1585.050049,1622.800049,1573.678955,263466
30/09/2016,1616,1646.599976,1611.900024,1623.550049,1574.40625,103456
03/10/2016,1637,1665,1631.050049,1660.099976,1609.849854,114011
04/10/2016,1669.5,1676.900024,1634.800049,1642.050049,1592.346069,214709
05/10/2016,1657,1672,1638,1666.699951,1616.250122,177737
06/10/2016,1676.699951,1699,1625.449951,1637.599976,1588.030762,446267
07/10/2016,1639.849976,1648,1617.050049,1630.650024,1581.29126,163443
10/10/2016,1631.050049,1638.150024,1618.199951,1628.900024,1579.594238,62865
13/10/2016,1625.75,1638,1607.900024,1632.050049,1582.649048,113078
14/10/2016,1620.199951,1648,1620.199951,1637.5,1587.93396,103580
17/10/2016,1633.050049,1659.849976,1626,1629.949951,1580.612427,109481
18/10/2016,1634.349976,1652,1626.900024,1648.099976,1598.213013,106968
19/10/2016,1651.900024,1655,1616.099976,1623.550049,1574.40625,174257
20/10/2016,1639.949951,1639.949951,1600.199951,1604,1555.447876,130047
21/10/2016,1605.650024,1618,1561.550049,1582.75,1534.841064,208135
24/10/2016,1591,1618.199951,1566.449951,1612.300049,1563.496704,105559
25/10/2016,1623,1630,1595.050049,1600.900024,1552.441895,72928
26/10/2016,1582,1600.949951,1560.400024,1566.800049,1519.373901,103771
27/10/2016,1480,1495,1393.300049,1425.75,1382.593506,976664
28/10/2016,1427.099976,1440,1401,1415.25,1372.411255,264056
01/11/2016,1416.599976,1417.800049,1371,1379.650024,1337.888916,325731
02/11/2016,1366,1369.5,1335,1343.650024,1302.978638,212078
03/11/2016,1338,1356.75,1306.449951,1317.25,1277.377686,204060
04/11/2016,1317,1339.800049,1269.050049,1294.849976,1255.65564,433378
07/11/2016,1310,1345.599976,1294.849976,1333.300049,1292.941895,211451
08/11/2016,1345,1353.949951,1309.550049,1314.599976,1274.807739,184376
09/11/2016,1265,1364,1194.099976,1354,1313.015259,375100
10/11/2016,1372,1384.300049,1345,1354.699951,1313.694092,220612
11/11/2016,1330.199951,1337.900024,1289.650024,1304.599976,1265.110596,315822
15/11/2016,1305,1321.699951,1241.300049,1255.5,1217.496826,219623
16/11/2016,1264.199951,1279.949951,1211.050049,1227,1189.859497,240178
17/11/2016,1225,1269.599976,1215,1264,1225.739624,121568
18/11/2016,1270,1318.349976,1241.5,1310.050049,1270.39563,171176
21/11/2016,1310.949951,1323.699951,1294,1305.25,1265.740845,134896
22/11/2016,1315,1341,1296.300049,1335,1294.590332,157029
23/11/2016,1328,1348,1318.150024,1338.400024,1297.887451,194137
24/11/2016,1328.25,1364.5,1319,1346.949951,1306.178589,161894
25/11/2016,1348.900024,1371.550049,1333.699951,1366.199951,1324.845947,96005
28/11/2016,1364.5,1412,1356.75,1406.099976,1363.538208,200268
29/11/2016,1405.050049,1423,1390.099976,1408.550049,1365.914185,108101
30/11/2016,1438.949951,1465.949951,1346.349976,1377.150024,1335.464478,496038
01/12/2016,1392,1406.25,1380.199951,1391.599976,1349.477051,77741
02/12/2016,1392.800049,1392.800049,1338.849976,1346.349976,1305.596802,82962
05/12/2016,1330,1344.699951,1303,1335.949951,1295.511475,168304
06/12/2016,1336,1362.349976,1336,1346.25,1305.499878,50388
07/12/2016,1361.949951,1362.400024,1335.599976,1343.75,1303.075562,85673
08/12/2016,1359,1359,1332.550049,1343.800049,1303.124146,71090
09/12/2016,1353,1353,1334,1339.349976,1298.808594,104103
12/12/2016,1340,1357.449951,1323.599976,1347.25,1306.469482,46294
13/12/2016,1348,1350.699951,1303.550049,1312.349976,1272.625977,314388
14/12/2016,1312.349976,1333.150024,1296,1322.949951,1282.905151,200831
15/12/2016,1313.550049,1337,1302.550049,1307.699951,1268.116699,84012
16/12/2016,1301.550049,1317.5,1301.550049,1305.599976,1266.0802,35846
19/12/2016,1305.599976,1315.449951,1284.050049,1300.800049,1261.425659,90155
20/12/2016,1306.5,1311.949951,1285,1291.099976,1252.019043,76883
21/12/2016,1303.75,1338,1291.949951,1327.699951,1287.511475,143910
22/12/2016,1332,1338,1292.300049,1298,1258.710327,164767
23/12/2016,1298.050049,1306.400024,1273.400024,1282.25,1243.437134,202407
26/12/2016,1285,1287,1260,1262.699951,1224.47876,102696
27/12/2016,1272,1295,1257.150024,1291,1251.922241,116481
28/12/2016,1300.849976,1312,1290.5,1294.599976,1255.413208,80369
29/12/2016,1299.800049,1308,1277.75,1283.650024,1244.794678,127771
30/12/2016,1287.099976,1323,1287.099976,1317.150024,1277.28064,102688
02/01/2017,1317.150024,1324.800049,1301,1310.75,1271.074463,98181
03/01/2017,1319.949951,1350,1305.650024,1339.449951,1298.90564,162451
04/01/2017,1315,1355,1315,1349.650024,1308.796997,56823
05/01/2017,1354.849976,1361.550049,1345.550049,1357.599976,1316.506104,36665
06/01/2017,1355.199951,1384.949951,1350,1375.900024,1334.252319,321482
09/01/2017,1366.050049,1379,1338.199951,1341.25,1300.651123,118624
10/01/2017,1352.949951,1363,1346.400024,1358.150024,1317.039795,47765
11/01/2017,1358.150024,1373,1354.099976,1363.75,1322.470215,50990
12/01/2017,1355.75,1359,1318.800049,1326.699951,1286.541748,110664
13/01/2017,1326.699951,1338,1320.800049,1333.900024,1293.523682,68263
16/01/2017,1335.349976,1352,1326.099976,1329.099976,1288.869019,83482
17/01/2017,1330.550049,1348,1323.5,1331.699951,1291.390259,49213
18/01/2017,1340,1340,1302.150024,1308.699951,1269.086548,67974
19/01/2017,1308.699951,1319,1300,1307.199951,1267.631836,131522
20/01/2017,1306.650024,1318.800049,1286,1292.849976,1253.716187,112649
23/01/2017,1293,1298.099976,1274,1285.300049,1246.394897,93648
24/01/2017,1284.900024,1298,1276,1293.349976,1254.20105,144488
25/01/2017,1294.75,1305.599976,1283.949951,1301.150024,1261.764893,139121
27/01/2017,1314.949951,1314.949951,1291.199951,1297.849976,1258.564819,84578
30/01/2017,1298.949951,1316,1290,1305.699951,1266.177124,49795
31/01/2017,1307.150024,1326,1282.199951,1299.949951,1260.601318,168875
01/02/2017,1301.400024,1320.699951,1287,1298.300049,1259.001343,83218
02/02/2017,1298,1298,1265.25,1287.150024,1248.188843,151123
03/02/2017,1288,1360,1285.699951,1314.300049,1274.516846,551911
06/02/2017,1329.800049,1329.800049,1275,1283.800049,1244.940308,489825
07/02/2017,1284,1296,1275,1286.300049,1247.364502,371369
08/02/2017,1291,1294.199951,1262.949951,1267,1228.648682,304934
09/02/2017,1272,1277.949951,1250.050049,1257,1218.951416,396435
10/02/2017,1255.900024,1258.400024,1240.099976,1251.949951,1223.789917,128783
13/02/2017,1256.900024,1259.849976,1241.199951,1249.5,1221.395142,85617
14/02/2017,1255.949951,1265.199951,1251.349976,1259.75,1231.414673,144409
15/02/2017,1254.900024,1255.699951,1205.300049,1231.400024,1203.702393,212805
16/02/2017,1230.099976,1268.25,1226.849976,1253.849976,1225.647339,141553
17/02/2017,1263,1277.300049,1252.25,1260.650024,1232.294312,125348
20/02/2017,1275,1302,1274.550049,1291.849976,1262.79248,244669
21/02/2017,1299.949951,1320,1282.199951,1310.400024,1280.925293,336828
22/02/2017,1319.699951,1323.949951,1295.400024,1311.949951,1282.44043,192941
23/02/2017,1306,1306,1280.800049,1296.599976,1267.435791,319907
27/02/2017,1309.75,1349.5,1297,1343.550049,1313.329712,381500
28/02/2017,1346.75,1376.449951,1342.050049,1361.949951,1331.315796,308862
01/03/2017,1367,1375,1355,1369.900024,1339.087036,122923
02/03/2017,1375,1398,1362,1368.849976,1338.060547,246041
03/03/2017,1370.199951,1372.199951,1324.5,1343.349976,1313.134033,162354
06/03/2017,1338,1383.300049,1335,1371.300049,1340.455688,312463
07/03/2017,1369,1369,1340,1348.699951,1318.36377,136524
08/03/2017,1350.050049,1365.949951,1337.300049,1350.599976,1320.221069,103886
09/03/2017,1349.25,1359.75,1326,1331.150024,1301.208618,49764
10/03/2017,1348.849976,1354,1320,1327.650024,1297.787231,63272
14/03/2017,1359.699951,1359.900024,1331,1337.449951,1307.366943,122974
15/03/2017,1339.949951,1357.199951,1333.550049,1350.699951,1320.318726,160054
16/03/2017,1359.949951,1379.900024,1356.5,1372.75,1341.872925,100783
17/03/2017,1372.75,1455.800049,1369.099976,1446.900024,1414.355103,473872
20/03/2017,1453.800049,1459.900024,1430.150024,1445.25,1412.742188,145451
21/03/2017,1449,1481.849976,1431.349976,1440.900024,1408.48999,226976
22/03/2017,1434.949951,1435,1398.800049,1422,1390.015015,228392
23/03/2017,1422,1445,1414.25,1433.449951,1401.20752,82286
24/03/2017,1430.199951,1448.900024,1397.5,1408.449951,1376.769775,139339
27/03/2017,1414,1415,1393.550049,1402.550049,1371.002686,85348
28/03/2017,1408.050049,1450,1360,1445.599976,1413.084229,203311
29/03/2017,1447,1470,1438.550049,1459.949951,1427.11145,175937
30/03/2017,1457,1515,1457,1497.150024,1463.474731,215975
31/03/2017,1504.400024,1575.25,1486.550049,1552.599976,1517.677368,369693
03/04/2017,1550,1550,1475,1505.050049,1471.197266,376945
05/04/2017,1510,1510,1475,1479.25,1445.977417,164900
06/04/2017,1477,1499,1460.550049,1479.349976,1446.075073,125697
07/04/2017,1475,1488.300049,1450.800049,1455.199951,1422.468262,113734
10/04/2017,1450,1482,1450,1470.199951,1437.130981,71008
11/04/2017,1470,1490.900024,1450.599976,1486.199951,1452.770996,100549
12/04/2017,1486.150024,1496.949951,1453.5,1457.699951,1424.912109,97258
13/04/2017,1468,1478,1448.199951,1452.599976,1419.92688,140603
17/04/2017,1439.849976,1470,1419.949951,1463.900024,1430.972656,195583
18/04/2017,1468.949951,1480,1447.099976,1450.300049,1417.678589,61752
19/04/2017,1450,1462.550049,1443.050049,1451.199951,1418.558228,37330
20/04/2017,1450.050049,1479.800049,1440,1455.550049,1422.810547,74221
21/04/2017,1457.75,1470.25,1428.300049,1435.449951,1403.162476,67177
24/04/2017,1435.449951,1475,1419.099976,1464.900024,1431.950195,74283
25/04/2017,1458,1473.449951,1437.5,1449.599976,1416.994263,91558
26/04/2017,1445,1459.849976,1421,1428.800049,1396.662231,56467
27/04/2017,1436.949951,1436.949951,1405,1409.75,1378.040649,88276
28/04/2017,1400.199951,1434.5,1394,1418.75,1386.838257,138008
02/05/2017,1431.699951,1438.099976,1377,1388.800049,1357.56189,164636
03/05/2017,1377,1384.75,1333,1343.599976,1313.378418,133630
04/05/2017,1351.800049,1351.800049,1307.849976,1329.150024,1299.25354,172265
05/05/2017,1330,1334,1287.050049,1294,1264.894165,149676
08/05/2017,1300,1305,1277.349976,1285.800049,1256.878662,114552
09/05/2017,1296,1315.949951,1284,1310.5,1281.023071,135639
10/05/2017,1323.400024,1344,1306.449951,1338.599976,1308.490845,91178
11/05/2017,1344.800049,1348,1315,1319.25,1289.576294,62356
12/05/2017,1315,1316,1290.849976,1299.449951,1270.221558,79202
15/05/2017,1301.199951,1309.25,1295,1300.400024,1271.150146,51190
16/05/2017,1305,1335.050049,1301.050049,1326.900024,1297.054199,60129
17/05/2017,1328,1345.5,1328,1335.300049,1305.265259,59932
18/05/2017,1331,1331.400024,1302.099976,1314.400024,1284.835449,50285
19/05/2017,1306,1327.550049,1276.050049,1289.949951,1260.935303,110724
22/05/2017,1286.050049,1314.849976,1286.050049,1307.25,1277.846191,70637
23/05/2017,1298,1309.849976,1257.150024,1263.599976,1235.177979,113671
24/05/2017,1260,1263.099976,1235.099976,1239.949951,1212.059814,78684
25/05/2017,1237.949951,1270.75,1209.449951,1220.050049,1192.607666,394177
26/05/2017,1225,1238.199951,1201,1224.300049,1196.761963,131941
29/05/2017,1217,1266,1141.949951,1219.849976,1192.412109,449635
30/05/2017,1211,1265.099976,1201.099976,1243.25,1215.285767,188145
31/05/2017,1244.5,1251.25,1225,1233.199951,1205.46167,157720
01/06/2017,1230,1250,1168.699951,1208,1180.828491,755017
02/06/2017,1210,1231.150024,1208,1211.75,1184.494263,80529
05/06/2017,1215,1234.199951,1211.099976,1214.050049,1186.742554,57681
06/06/2017,1218,1223.150024,1200.900024,1213.699951,1186.400269,73497
07/06/2017,1215,1231.650024,1204,1207.75,1180.584229,107096
08/06/2017,1202.150024,1231,1202.150024,1217.550049,1190.163818,169888
09/06/2017,1220.349976,1224.900024,1191.699951,1208.849976,1181.659668,157071
12/06/2017,1216,1219.300049,1197.5,1199.699951,1172.715332,56688
13/06/2017,1207.849976,1228,1200.75,1215.650024,1188.306519,158572
14/06/2017,1218.699951,1248.900024,1215.650024,1234,1206.243774,430563
15/06/2017,1234,1247.800049,1217.599976,1234.449951,1206.683716,137197
16/06/2017,1234.800049,1240,1198.699951,1211.849976,1184.592041,147304
19/06/2017,1211.800049,1215.900024,1193.5,1201.449951,1178.315186,94240
20/06/2017,1205.099976,1218,1180.300049,1194.400024,1171.401001,163646
21/06/2017,1195,1209.400024,1195,1198.800049,1175.716309,64702
22/06/2017,1197.099976,1207.75,1170.099976,1175.550049,1152.91394,94754
23/06/2017,1176.349976,1190,1168.699951,1178,1155.316772,113479
27/06/2017,1175,1190.050049,1173.050049,1184.75,1161.936768,172738
28/06/2017,1187.5,1188.449951,1151.050049,1165.550049,1143.106445,135381
29/06/2017,1175,1204,1169.050049,1191.150024,1168.213623,174463
30/06/2017,1204.5,1230,1185.75,1220.550049,1197.047485,163062
03/07/2017,1220.599976,1235,1211,1228.599976,1204.942383,93209
04/07/2017,1233.699951,1271.900024,1220.849976,1240.650024,1216.760498,241400
05/07/2017,1249,1290,1247.849976,1273.449951,1248.928711,273110
06/07/2017,1280,1286,1267,1271.849976,1247.359619,98740
07/07/2017,1271,1304.900024,1264.599976,1298.400024,1273.398315,183580
10/07/2017,1299,1310.5,1170,1300.900024,1275.85022,35042
11/07/2017,1276,1370,1251.650024,1334,1308.312866,898679
12/07/2017,1334.900024,1335.050049,1294.050049,1310.349976,1285.118286,218027
13/07/2017,1310.050049,1322,1275.5,1280.150024,1255.499878,227747
14/07/2017,1289,1325,1278.199951,1299.699951,1274.67334,241913
17/07/2017,1300,1317.949951,1281.949951,1294.849976,1269.916626,68611
18/07/2017,1295,1302.949951,1278.349976,1295.349976,1270.406982,86139
19/07/2017,1299.949951,1314.900024,1294.150024,1300.050049,1275.016724,94708
20/07/2017,1307,1315.900024,1264.400024,1275.050049,1250.498169,163388
21/07/2017,1281,1289.300049,1267.050049,1269.849976,1245.398071,71672
24/07/2017,1271.199951,1294,1263,1267.349976,1242.946289,94974
25/07/2017,1270,1285,1251,1265.5,1241.131836,231938
26/07/2017,1266.5,1284.949951,1257.050049,1278.300049,1253.685425,58769
27/07/2017,1280.050049,1289,1264.599976,1269.25,1244.809814,65095
28/07/2017,1270.050049,1276.949951,1241,1245.75,1221.762207,72900
31/07/2017,1250.5,1340,1202,1318.050049,1292.669922,1000076
01/08/2017,1310,1322,1276.300049,1292.150024,1267.268677,310603
02/08/2017,1288,1310,1270,1274.800049,1250.252808,105767
03/08/2017,1277,1281,1246.550049,1254.050049,1229.902344,89554
04/08/2017,1249.300049,1285,1225,1276.25,1251.674927,181104
07/08/2017,1270,1304.800049,1263.25,1290,1265.160156,66371
08/08/2017,1289.5,1306,1265,1270.199951,1245.741333,59025
09/08/2017,1275,1280.449951,1215.199951,1234.699951,1210.924927,124045
10/08/2017,1227,1253.199951,1205.5,1228.900024,1205.236694,144495
11/08/2017,1214.949951,1242.800049,1200.050049,1216.050049,1192.634033,75305
14/08/2017,1222,1250,1217,1220.199951,1196.704102,86830
16/08/2017,1220.050049,1334.599976,1220.050049,1323.949951,1298.456299,504711
17/08/2017,1323,1330,1295,1311.699951,1286.442261,216066
18/08/2017,1305,1305,1255,1270.650024,1246.182739,143343
21/08/2017,1289,1289,1240.650024,1249.099976,1225.047607,156779
22/08/2017,1249.050049,1264.800049,1214.050049,1222.150024,1198.616577,136527
23/08/2017,1223.5,1235.199951,1205.199951,1207.5,1184.248779,83377
24/08/2017,1209,1254.699951,1204.050049,1226.349976,1202.73584,226000
28/08/2017,1236,1248.5,1224.349976,1238.25,1214.406616,79924
29/08/2017,1242,1242,1212,1217.099976,1193.663818,64099
30/08/2017,1218,1235,1205.300049,1209.650024,1186.3573,125346
31/08/2017,1209.099976,1225,1191.099976,1203.5,1180.325684,186642
01/09/2017,1214.949951,1228.300049,1206.400024,1220,1196.508057,75028
04/09/2017,1228,1228,1198.599976,1221.349976,1197.832153,89393
05/09/2017,1221.349976,1234.75,1214.5,1226.349976,1202.73584,98442
06/09/2017,1217,1225,1199,1201.099976,1177.971802,63169
07/09/2017,1209,1225,1206.050049,1218.949951,1195.478271,72194
08/09/2017,1218.949951,1225,1205,1208.650024,1185.376587,50951
11/09/2017,1213,1217,1181,1192.25,1169.292358,124591
12/09/2017,1186,1215.199951,1147.300049,1205.75,1182.532349,467505
13/09/2017,1195.199951,1230,1195,1212.900024,1189.5448,163574
14/09/2017,1217.449951,1237,1215,1219.699951,1196.213745,141287
15/09/2017,1221.099976,1224.349976,1196.050049,1216.25,1192.8302,98544
18/09/2017,1220.5,1250,1215.050049,1244.75,1220.781494,99712
19/09/2017,1245,1280,1240.849976,1261.650024,1237.355957,248511
20/09/2017,1270,1270,1248.550049,1257.949951,1233.727295,192914
21/09/2017,1259.800049,1353.800049,1258,1344,1318.120483,900515
22/09/2017,1350,1364.199951,1247.5,1261.900024,1237.601196,362773
25/09/2017,1262,1270,1218.5,1230.099976,1206.413452,172049
26/09/2017,1223,1308.849976,1211.150024,1270.5,1246.035645,359573
27/09/2017,1275.199951,1276.699951,1212.050049,1220.25,1196.753052,171424
28/09/2017,1215,1264,1201.599976,1221.699951,1198.175171,250090
29/09/2017,1224,1243.5,1220,1230.949951,1207.24707,103799
03/10/2017,1235.099976,1254.5,1233.099976,1246.099976,1222.105469,49834
04/10/2017,1250,1268.949951,1230,1251.75,1227.646729,128874
05/10/2017,1263,1264.949951,1241,1249.099976,1225.047607,116212
06/10/2017,1260,1272.550049,1248,1266.199951,1241.818359,295878
09/10/2017,1255.050049,1279,1244.550049,1256.949951,1232.746338,128437
10/10/2017,1256.949951,1280,1256.949951,1270.25,1245.790527,437622
11/10/2017,1286.900024,1286.900024,1245.599976,1251,1226.911011,293893
12/10/2017,1264,1285,1249.199951,1281.849976,1257.167114,129762
13/10/2017,1280,1285,1266,1270.650024,1246.182739,94766
16/10/2017,1282.5,1291,1267.5,1286.5,1261.727539,159669
17/10/2017,1289.949951,1334.650024,1279.550049,1330.099976,1304.488037,273599
18/10/2017,1330,1399,1290.300049,1386.449951,1359.752808,292397
19/10/2017,1390,1393,1343.25,1362.449951,1336.214844,42895
23/10/2017,1360,1413.699951,1360,1372.900024,1346.463867,228172
24/10/2017,1381.449951,1393,1365.050049,1376.650024,1350.141602,97379
25/10/2017,1375.25,1382.949951,1295,1303,1277.90979,182279
26/10/2017,1300,1309,1242,1248.150024,1224.115967,329094
27/10/2017,1259.900024,1275.5,1245,1264.050049,1239.709839,197496
30/10/2017,1270,1288,1263,1269.050049,1244.613525,110070
31/10/2017,1274,1285.949951,1265,1269.849976,1245.398071,66711
01/11/2017,1272,1298,1271.349976,1285.099976,1260.354492,109799
02/11/2017,1285.199951,1334.75,1285.199951,1324.849976,1299.339111,240799
03/11/2017,1385,1385,1296,1316,1290.659424,1007642
06/11/2017,1364.800049,1364.800049,1300,1304.650024,1279.528198,647893
07/11/2017,1312.800049,1329.949951,1252.949951,1268.800049,1244.368408,343414
08/11/2017,1270,1294.800049,1225.5,1240.449951,1216.564087,164649
09/11/2017,1242,1253.949951,1220,1240.099976,1216.220947,135568
10/11/2017,1239,1239,1220,1225.150024,1201.558838,78022
13/11/2017,1224,1230.300049,1204.199951,1218.449951,1194.987793,247644
14/11/2017,1220,1270,1218.449951,1251.099976,1227.009277,372293
15/11/2017,1251,1262.25,1241.900024,1253.900024,1229.755249,195859
16/11/2017,1250,1285.5,1240.300049,1272.300049,1247.801025,238293
17/11/2017,1280,1288,1252.099976,1263.050049,1238.729126,140978
20/11/2017,1270,1275.199951,1246.550049,1249.75,1225.685303,158640
21/11/2017,1255,1284.949951,1240,1274.199951,1249.664185,117017
22/11/2017,1281.900024,1289.449951,1265.650024,1276.099976,1251.52771,186149
23/11/2017,1276,1293,1225,1277.800049,1253.195068,121539
24/11/2017,1278,1285,1270.5,1279.849976,1255.205566,113962
27/11/2017,1267,1294,1267,1283.199951,1258.490967,112898
28/11/2017,1285,1291.5,1275.099976,1279.75,1255.107422,64920
29/11/2017,1282.550049,1286.050049,1272,1280.349976,1255.695923,38365
30/11/2017,1284.800049,1302,1270,1286.150024,1261.384277,226083
01/12/2017,1298.800049,1298.800049,1270.699951,1277.699951,1253.096802,305173
04/12/2017,1285,1309.5,1258.800049,1295.349976,1270.406982,113597
05/12/2017,1293,1295.050049,1276,1285.050049,1260.305542,50766
06/12/2017,1280.050049,1317,1273.099976,1303.449951,1278.351074,153864
07/12/2017,1303,1330,1292.75,1327.900024,1302.330444,800255
08/12/2017,1329,1333.5,1317.099976,1323.75,1298.260254,78365
11/12/2017,1324,1341.900024,1322.949951,1334.400024,1308.7052,85448
12/12/2017,1334,1348.949951,1326.349976,1336.800049,1311.05896,105442
13/12/2017,1328,1344.949951,1319.050049,1331.349976,1305.713867,162044
14/12/2017,1328.75,1331.900024,1310.099976,1323.25,1297.769897,90347
15/12/2017,1330,1357,1324.25,1344.849976,1318.953857,86910
18/12/2017,1344.849976,1374.699951,1324.599976,1359.199951,1333.027588,242481
19/12/2017,1367.849976,1367.900024,1345,1360.400024,1334.204468,65653
20/12/2017,1360.5,1381,1349,1363.150024,1336.901611,187817
21/12/2017,1364.900024,1383.5,1354,1359.599976,1333.419922,197227
22/12/2017,1369,1374,1347,1365.949951,1339.647583,78261
26/12/2017,1365.949951,1395.25,1360,1385.400024,1358.723145,144720
27/12/2017,1388,1431.849976,1386.199951,1393.150024,1366.323853,333150
28/12/2017,1394,1410,1368.050049,1396.099976,1369.217041,103844
29/12/2017,1409.849976,1425,1394.050049,1418.550049,1391.234741,85930
01/01/2018,1419,1433.449951,1370.099976,1390.449951,1363.675903,70969
02/01/2018,1384,1412.75,1375,1395.099976,1368.236328,75533
03/01/2018,1394.900024,1407.900024,1360.550049,1378.550049,1352.005005,120264
04/01/2018,1387,1398.75,1371.449951,1393.900024,1367.05957,62641
05/01/2018,1381.550049,1429,1381.550049,1420.75,1393.392578,271607
08/01/2018,1412,1442.550049,1412,1433.849976,1406.240234,209934
09/01/2018,1435.050049,1438,1401.5,1410,1382.849365,28202
10/01/2018,1399.699951,1430.699951,1395,1401.25,1374.267944,115831
11/01/2018,1400.099976,1409,1379.949951,1381.849976,1355.241333,63742
12/01/2018,1394,1404.300049,1375,1380.550049,1353.966553,141745
15/01/2018,1385,1422.949951,1385,1416.300049,1389.028076,108509
16/01/2018,1411,1418.949951,1391.550049,1400.800049,1373.82666,70705
17/01/2018,1400.050049,1418.449951,1389.300049,1404.650024,1377.602539,41655
18/01/2018,1398.449951,1448,1398.449951,1430.900024,1403.347046,165569
19/01/2018,1441.900024,1444.949951,1405.300049,1430.5,1402.954712,84651
22/01/2018,1438,1474.800049,1422.099976,1451.349976,1423.403076,170417
23/01/2018,1456,1465,1435.550049,1443,1415.213989,155033
24/01/2018,1434,1467.300049,1433.599976,1452.699951,1424.727295,182622
25/01/2018,1437,1461,1405.5,1421.400024,1394.029907,248728
29/01/2018,1420.050049,1427.349976,1367.099976,1378.349976,1351.80896,311847
30/01/2018,1374,1374,1347,1356.599976,1330.477783,174008
31/01/2018,1358,1369.949951,1340,1362.400024,1336.166016,115158
01/02/2018,1369.949951,1374.900024,1345,1354.900024,1328.810425,288717
02/02/2018,1352.900024,1385,1330,1358.349976,1332.19397,89079
05/02/2018,1320.050049,1398.449951,1320,1342.349976,1316.502075,164677
06/02/2018,1290,1340,1271.550049,1333.75,1308.067627,99878
07/02/2018,1330.5,1394,1316.800049,1375.75,1349.259033,108269
08/02/2018,1375.75,1404.300049,1356.050049,1380.849976,1354.260742,156061
09/02/2018,1351,1450,1332.599976,1434.349976,1406.730591,228837
12/02/2018,1434.349976,1443.800049,1408.550049,1430.800049,1403.249023,86563
14/02/2018,1441,1441.599976,1416.449951,1429.25,1401.72876,128238
15/02/2018,1432,1435.050049,1412,1420.949951,1402.419556,68486
16/02/2018,1412,1450,1401,1423.150024,1404.59082,368088
19/02/2018,1409.75,1419.650024,1377,1393.199951,1375.031372,79859
20/02/2018,1395,1399.949951,1373.050049,1383.949951,1365.9021,63716
21/02/2018,1377,1383,1344.650024,1354,1336.342773,94520
22/02/2018,1350.099976,1359.949951,1306.400024,1322.199951,1304.957397,197307
23/02/2018,1323,1355.25,1320,1336.550049,1319.120361,103815
26/02/2018,1345,1357.349976,1316.050049,1344.550049,1327.015869,115540
27/02/2018,1357,1384,1335.949951,1348.349976,1330.766357,133530
28/02/2018,1348,1386,1329.550049,1368.650024,1350.801636,424288
01/03/2018,1360,1363,1317.099976,1338.099976,1320.650024,442347
05/03/2018,1338,1375.949951,1310.449951,1366.599976,1348.77832,469594
06/03/2018,1370,1375,1339.199951,1345.949951,1328.397705,541245
07/03/2018,1347.099976,1351.900024,1301.349976,1329.400024,1312.063477,383547
08/03/2018,1338,1345.949951,1310,1317.800049,1300.614746,289502
09/03/2018,1324,1333,1310.050049,1329.800049,1312.458374,372963
12/03/2018,1335,1348,1281,1311.849976,1294.742432,487366
13/03/2018,1310,1321.349976,1296.050049,1305.5,1288.475098,110900
14/03/2018,1299,1316.449951,1290,1296.550049,1279.641846,129669
15/03/2018,1291,1297.800049,1270.650024,1279.800049,1263.110352,188495
16/03/2018,1289,1290,1259.349976,1268.449951,1251.908325,187781
19/03/2018,1265,1280.150024,1244.349976,1261.650024,1245.197021,115788
20/03/2018,1256,1265,1248.800049,1254.800049,1238.436401,101598
21/03/2018,1267.550049,1268,1234.75,1238.699951,1222.546387,208408
22/03/2018,1241.199951,1255,1221.199951,1247.800049,1231.527588,302298
23/03/2018,1247,1257.900024,1223.800049,1250.800049,1234.488525,406035
26/03/2018,1243,1264.5,1243,1254.099976,1237.745361,79438
27/03/2018,1260,1277.099976,1254.949951,1259.699951,1243.272339,124724
28/03/2018,1244.050049,1269.449951,1235,1249.75,1233.452148,227397
02/04/2018,1249.800049,1274.699951,1243.599976,1266.349976,1249.835693,32540
03/04/2018,1258,1295,1258,1290.400024,1273.572144,71862
04/04/2018,1292.900024,1307.449951,1268,1283.650024,1266.910034,106054
05/04/2018,1299.449951,1334,1292.449951,1327.199951,1309.89209,134037
06/04/2018,1310.150024,1344.5,1298,1325.199951,1307.918213,186277
09/04/2018,1329.099976,1336.5,1295,1300.300049,1283.343018,984265
10/04/2018,1309.75,1317,1296.449951,1305.050049,1288.031128,237184
11/04/2018,1305.150024,1330,1305.150024,1325.800049,1308.510498,237399
12/04/2018,1330.5,1332.650024,1305.150024,1320.300049,1303.082275,149339
13/04/2018,1329.599976,1339.099976,1317,1327.050049,1309.744141,116634
16/04/2018,1310,1356.550049,1310,1347.5,1329.927368,75549
17/04/2018,1353,1358.5,1332.650024,1338.75,1321.291504,50559
18/04/2018,1334.050049,1361.550049,1332.050049,1353.550049,1335.89856,98305
19/04/2018,1359.949951,1400.75,1347.699951,1398.150024,1379.91687,215973
20/04/2018,1380.050049,1418,1369.949951,1400.25,1381.989502,391639
23/04/2018,1399.599976,1414.449951,1392.849976,1401,1382.729736,144998
24/04/2018,1410.050049,1447.949951,1406.900024,1418.400024,1399.902954,682708
25/04/2018,1408.150024,1419.099976,1381.550049,1401.25,1382.97644,186767
26/04/2018,1391,1412.449951,1381.5,1395.699951,1377.498901,173701
27/04/2018,1406.900024,1409,1365.800049,1384.25,1366.198242,78863
30/04/2018,1380,1424.949951,1377.050049,1418.5,1400.001587,94759
02/05/2018,1422.5,1430,1368.550049,1378.800049,1360.819336,151834
03/05/2018,1376.5,1400,1364.949951,1379.5,1361.510132,114042
04/05/2018,1376.400024,1409.400024,1365,1394.550049,1376.363892,137080
07/05/2018,1394.550049,1414,1363,1384.900024,1366.839844,165820
08/05/2018,1384.949951,1394.550049,1354.449951,1357.449951,1339.747559,167990
09/05/2018,1357.75,1380,1349.550049,1366.050049,1348.235596,133046
10/05/2018,1390,1390,1332.900024,1347.5,1329.927368,114156
11/05/2018,1355,1380,1344,1365.050049,1347.248779,159121
14/05/2018,1358.199951,1383.800049,1351,1366.449951,1348.630249,71437
15/05/2018,1370,1382,1326.150024,1350.099976,1332.49353,117645
16/05/2018,1350.099976,1375,1326.150024,1359.300049,1341.573486,90374
17/05/2018,1374.900024,1378.449951,1350.599976,1368,1350.160156,79948
18/05/2018,1375,1375,1334.25,1343.550049,1326.029053,69574
21/05/2018,1335.050049,1353.150024,1305.599976,1335.050049,1317.639893,182053
22/05/2018,1325.099976,1354.5,1312.199951,1330,1312.65564,116869
23/05/2018,1324.849976,1337.449951,1306.050049,1328.150024,1310.829834,126494
24/05/2018,1326.349976,1332.949951,1303.550049,1320.050049,1302.835571,233856
25/05/2018,1320,1351.349976,1306.099976,1318.050049,1300.861572,139874
28/05/2018,1324.900024,1380,1310,1372.699951,1354.798828,129424
29/05/2018,1377,1377,1332.449951,1346.5,1328.940552,91485
30/05/2018,1349,1362.949951,1331,1339.199951,1321.735718,153947
31/05/2018,1340,1429.400024,1329.599976,1411.5,1393.092896,594301
01/06/2018,1401.5,1487.699951,1401.5,1454.949951,1435.976196,627994
04/06/2018,1454.949951,1457.599976,1415.050049,1418.75,1400.248291,297145
05/06/2018,1418,1425.849976,1371.150024,1398.550049,1380.311768,189893
06/06/2018,1390.150024,1432.449951,1374.050049,1392,1373.847168,224803
07/06/2018,1393.199951,1405.800049,1380.75,1395.199951,1377.005249,137415
08/06/2018,1394.949951,1442.900024,1386,1413.050049,1394.622681,319975
11/06/2018,1420,1424,1380.800049,1389.349976,1371.231689,243523
12/06/2018,1383.050049,1411.25,1378.400024,1404.400024,1386.085449,358442
13/06/2018,1420,1454.25,1398.400024,1404,1385.690552,511048
14/06/2018,1414.550049,1455,1397,1449.5,1430.59729,271501
15/06/2018,1449.5,1518.400024,1449.5,1482.050049,1462.722778,988999
18/06/2018,1489,1501.5,1473.449951,1483.949951,1469.555786,350126
19/06/2018,1482.949951,1525,1476,1488.25,1473.814087,565306
20/06/2018,1488.900024,1504,1476,1488.25,1473.814087,268152
21/06/2018,1495,1499,1472.150024,1476.400024,1462.079102,216219
22/06/2018,1475.550049,1476,1445,1470.550049,1456.285889,197804
25/06/2018,1468.550049,1488,1454.550049,1462.949951,1448.759521,216462
26/06/2018,1462,1469.949951,1450.5,1459.150024,1444.996338,161094
27/06/2018,1455,1464.449951,1402,1435.849976,1421.922363,132093
28/06/2018,1450,1450,1393.550049,1397.599976,1384.043457,151793
29/06/2018,1410.949951,1429.099976,1395.349976,1401.150024,1387.559082,169559
02/07/2018,1411.099976,1428.599976,1390.650024,1417.650024,1403.898926,124582
03/07/2018,1417.599976,1460.050049,1400.400024,1446.400024,1432.370117,262769
04/07/2018,1453.050049,1459,1419.300049,1425.150024,1411.326294,169296
05/07/2018,1431,1447.849976,1412.150024,1419.949951,1406.176514,129993
06/07/2018,1419.949951,1442,1409.25,1419.199951,1405.433838,218849
09/07/2018,1420.5,1457.800049,1406,1446.400024,1432.370117,203801
10/07/2018,1453.300049,1466.449951,1430.900024,1457.050049,1442.91687,254814
11/07/2018,1455.949951,1480,1449,1461.349976,1447.175049,328801
12/07/2018,1475.949951,1480.650024,1446.050049,1454.449951,1440.341919,229036
13/07/2018,1456.449951,1461.349976,1436.800049,1441.949951,1427.963257,248153
16/07/2018,1432.099976,1468,1430,1434.550049,1420.635132,315573
17/07/2018,1434.199951,1455.949951,1425,1449.599976,1435.539063,155017
18/07/2018,1461,1491.949951,1438,1441.650024,1427.666138,227886
19/07/2018,1445,1448,1410.550049,1423.650024,1409.840698,134552
20/07/2018,1420.650024,1435.5,1415.5,1420.949951,1407.16687,89059
23/07/2018,1421,1476.849976,1404.550049,1450.050049,1435.984741,158986
24/07/2018,1447.900024,1480.199951,1432.400024,1465.449951,1451.235352,201859
25/07/2018,1470,1486.25,1462,1480.099976,1465.743164,149860
26/07/2018,1479.150024,1501,1475,1494.650024,1480.1521,204650
27/07/2018,1498,1508.800049,1477.75,1482.599976,1468.218872,85641
30/07/2018,1494.599976,1495,1475,1487.199951,1472.774292,164315
31/07/2018,1477,1533.150024,1469.949951,1528.599976,1513.772827,457705
01/08/2018,1530,1545,1514.349976,1523.449951,1508.672607,197468
02/08/2018,1526.650024,1549.949951,1508,1523.050049,1508.276733,462777
03/08/2018,1543,1654.800049,1531,1622.650024,1606.9104,1636753
06/08/2018,1635,1669,1623.550049,1651.099976,1635.084473,797324
07/08/2018,1655,1704.650024,1642,1682.949951,1666.62561,825333
08/08/2018,1683.949951,1725,1672.150024,1719.699951,1703.019043,471604
09/08/2018,1719.650024,1768,1692.550049,1700.400024,1683.906372,669044
10/08/2018,1703,1709.75,1672.199951,1697.050049,1680.588745,264918
13/08/2018,1690,1709.75,1675,1698.150024,1681.678101,181831
14/08/2018,1700,1717,1695,1710.800049,1694.205566,309354
16/08/2018,1702.550049,1719,1690,1700.150024,1683.658691,277674
17/08/2018,1709.949951,1774.699951,1695,1765.900024,1748.770996,535637
20/08/2018,1777,1790.550049,1729.599976,1743,1726.09314,509930
21/08/2018,1756.050049,1779.900024,1731.199951,1747.400024,1730.450439,531544
23/08/2018,1754.949951,1775.400024,1745,1767.849976,1750.702026,255209
24/08/2018,1763.550049,1794.800049,1750,1771.449951,1754.26709,409384
27/08/2018,1780,1802.949951,1773.75,1781.800049,1764.516724,355388
28/08/2018,1785,1798.199951,1764.800049,1771.449951,1754.26709,158719
29/08/2018,1771,1795,1761,1769.150024,1751.989502,138271
30/08/2018,1769.900024,1776.650024,1749.650024,1770.150024,1752.979736,305831
31/08/2018,1771.25,1823.949951,1763.050049,1812.800049,1795.216064,571537
03/09/2018,1829,1857.199951,1808.099976,1824.900024,1807.19873,300031
04/09/2018,1825.5,1828,1746.550049,1753.75,1736.73877,210934
05/09/2018,1760,1773.849976,1709.550049,1735.75,1718.913452,301755
06/09/2018,1735.050049,1841.75,1735.050049,1828.400024,1810.664795,428815
07/09/2018,1842,1872.800049,1798.5,1834.900024,1817.101685,699212
10/09/2018,1834,1857.5,1780,1788.050049,1770.706055,489650
11/09/2018,1802.25,1816.449951,1730,1745.849976,1728.915405,344012
12/09/2018,1748.900024,1794.150024,1706.150024,1751.5,1734.51062,306451
14/09/2018,1760,1772,1706.550049,1738.25,1721.38916,382309
17/09/2018,1743,1798,1721.699951,1781.650024,1764.368164,503708
18/09/2018,1792,1792.150024,1725.199951,1735.199951,1718.368652,203553
19/09/2018,1752.800049,1767,1730,1759.349976,1742.284424,227880
21/09/2018,1759.949951,1775,1583.449951,1729.75,1712.971558,453321
24/09/2018,1729,1731,1675.050049,1683.300049,1666.972168,212268
25/09/2018,1655.199951,1744.900024,1650,1727.5,1710.74353,311865
26/09/2018,1730,1748.099976,1701,1704.900024,1688.362671,192584
27/09/2018,1717.650024,1717.699951,1670,1678.900024,1662.614868,185544
28/09/2018,1696,1696,1620,1652.599976,1636.569946,211810
01/10/2018,1640,1664.900024,1600.900024,1652.5,1636.470947,221908
03/10/2018,1647.900024,1660,1637.050049,1649.300049,1633.302002,259700
04/10/2018,1647.849976,1652.449951,1605,1638.550049,1622.65625,172959
05/10/2018,1628,1650,1591,1610.25,1594.630737,124941
08/10/2018,1602.050049,1605.650024,1530,1569,1553.780884,239193
09/10/2018,1566.800049,1616.599976,1558,1595.050049,1579.578247,127089
10/10/2018,1585,1635.150024,1580.050049,1612.900024,1597.255127,115528
11/10/2018,1588,1634.699951,1550.150024,1597.400024,1581.905518,99744
12/10/2018,1601,1625.849976,1551.949951,1580.25,1564.921753,243142
15/10/2018,1590,1629.900024,1584.400024,1610.800049,1595.175415,273288
16/10/2018,1610.199951,1643.900024,1582,1626.300049,1610.525024,295627
17/10/2018,1631.150024,1644.300049,1554.699951,1560.849976,1545.709961,195655
19/10/2018,1558.900024,1578,1511.349976,1562.800049,1547.641113,243809
22/10/2018,1560,1621,1550.050049,1599.300049,1583.787109,313637
23/10/2018,1596.900024,1607,1569,1595.900024,1580.419922,107391
24/10/2018,1592,1624,1583.900024,1600.449951,1584.925781,158573
25/10/2018,1594,1598,1562.050049,1579,1563.683838,110046
26/10/2018,1589,1655,1573.349976,1626,1610.228027,216340
29/10/2018,1632,1685,1632,1664.25,1648.107056,489391
30/10/2018,1653.050049,1675.150024,1639.650024,1660.449951,1644.34375,200489
31/10/2018,1680.650024,1680.650024,1647.5,1667.599976,1651.424438,165090
01/11/2018,1674.949951,1730,1663.5,1712.199951,1695.591797,241193
02/11/2018,1720,1747.449951,1615.050049,1630.599976,1614.783325,198138
05/11/2018,1657,1658,1571,1597.099976,1581.608276,497306
06/11/2018,1604,1675,1585,1663.800049,1647.661377,751820
07/11/2018,1674,1688.699951,1656.25,1667.150024,1650.978882,24634
09/11/2018,1667.949951,1675,1631.300049,1642.349976,1626.419312,194934
12/11/2018,1642,1672,1632.5,1644.800049,1628.845703,166248
13/11/2018,1639,1703.650024,1639,1690,1673.607178,350966
14/11/2018,1685.050049,1690,1644,1651.349976,1635.332153,77782
15/11/2018,1653,1682,1640,1672.550049,1656.326538,99619
16/11/2018,1683.949951,1683.949951,1644,1659.099976,1643.006836,149914
19/11/2018,1665,1681,1656.599976,1671.400024,1655.187622,64023
20/11/2018,1667.900024,1667.900024,1635.449951,1644.550049,1628.598145,135209
21/11/2018,1649.849976,1654.800049,1618.800049,1632.699951,1616.863037,142201
22/11/2018,1635.199951,1655.300049,1622.349976,1642.650024,1626.716553,125894
26/11/2018,1646.199951,1666.949951,1628.050049,1647.949951,1631.964966,179301
27/11/2018,1665,1665,1630.050049,1650.449951,1634.440796,111512
28/11/2018,1655,1700,1634,1694.050049,1677.618042,166582
29/11/2018,1692,1725,1688,1714.599976,1697.968506,349391
30/11/2018,1714.599976,1780,1690,1773.800049,1756.59436,380252
03/12/2018,1784.849976,1801.900024,1742.5,1753.099976,1736.095093,414965
04/12/2018,1757.599976,1781.75,1732.699951,1740.650024,1723.765869,204191
05/12/2018,1732,1750,1692.900024,1722.300049,1705.593872,120151
06/12/2018,1715,1732.300049,1684,1693.25,1676.825562,102428
07/12/2018,1689.900024,1713,1673.449951,1686.150024,1669.794556,95191
10/12/2018,1685,1712,1670,1687.949951,1671.577026,234142
11/12/2018,1677,1720.449951,1665.25,1676.599976,1660.337036,332056
12/12/2018,1690.949951,1773.800049,1680.25,1762.449951,1745.35437,295061
13/12/2018,1765,1823.599976,1754.449951,1785.650024,1768.329346,395950
14/12/2018,1778,1812.75,1762.949951,1780.599976,1763.328247,311736
17/12/2018,1780.099976,1794.900024,1760,1768.550049,1751.395264,100053
18/12/2018,1764,1772,1718.050049,1726.800049,1710.050171,258598
19/12/2018,1747.5,1805.900024,1732.550049,1791.400024,1774.023682,215234
20/12/2018,1783.150024,1815,1760,1806.25,1788.729614,162564
21/12/2018,1803.949951,1835,1775,1783.900024,1766.596436,304282
24/12/2018,1775.599976,1797,1760.650024,1769.599976,1752.435059,66751
26/12/2018,1755,1767.949951,1718,1753.25,1736.243652,131513
27/12/2018,1769.900024,1773.550049,1726.199951,1739.599976,1722.726074,122208
28/12/2018,1754.900024,1787.150024,1742,1779.300049,1762.041016,152301
31/12/2018,1788,1790,1756,1771.400024,1754.217529,128854
