Date,Open,High,Low,ClosePrice,Adj Close,Volume
2014-01-01,402.5,405.899994,400.799988,401.75,391.838531,429074
2014-01-02,402,406.350006,391.5,392.299988,382.621643,734194
2014-01-03,391.549988,394,386,391.75,382.085266,998001
2014-01-06,393.899994,395.950012,387.649994,391.600006,381.938934,752348
2014-01-07,393.899994,394.899994,389,390.850006,381.207458,955034
2014-01-08,391.100006,405,389.100006,404.200012,394.228058,1768447
2014-01-09,404,407.399994,400,403.100006,393.155243,1161659
2014-01-10,401.200012,406.700012,397,399.100006,389.253906,875765
2014-01-13,396.350006,403.450012,396.350006,402.25,392.326172,770671
2014-01-14,400.899994,412.25,400.899994,411.149994,401.006561,1375742
2014-01-15,414.350006,423.899994,414.350006,418.049988,407.736359,2737981
2014-01-16,419,420.950012,412,412.649994,402.469574,1332490
2014-01-17,412.5,421.950012,412.5,417.600006,407.297455,1369311
2014-01-20,419,421.700012,416.149994,419.850006,409.491974,825525
2014-01-21,420.25,424,416.350006,417.399994,407.102417,757294
2014-01-22,417.700012,425.850006,415.299988,422.700012,412.271667,1159013
2014-01-23,422.899994,425.049988,417.399994,419.549988,409.199371,657695
2014-01-24,418,423,413.399994,414.399994,404.176392,994905
2014-01-27,411.5,418,407.75,415,404.761627,1305152
2014-01-28,416.299988,420.5,406.799988,409.25,399.153473,988099
2014-01-29,411,418.5,409.5,414.5,404.273956,1227506
2014-01-30,410.950012,415.899994,407.950012,413.450012,403.249878,1344614
2014-01-31,415,419,408.549988,410.600006,400.470184,529559
2014-02-03,408.5,415.75,408.5,412.5,402.323303,883601
2014-02-04,410.700012,417.950012,410,415.149994,404.907928,1076767
2014-02-05,416.899994,416.899994,410.5,415.149994,404.907928,1340045
2014-02-06,417.5,420,409.25,410.049988,399.933746,1533292
2014-02-07,412.850006,418,412.5,417.049988,406.761017,943897
2014-02-10,419.450012,423.600006,409.700012,414.549988,404.322754,1133469
2014-02-11,415,415,405.200012,412.5,402.323303,2568431
2014-02-12,414.899994,414.899994,408,412.75,402.567139,2956000
2014-02-13,390,404.25,379,380.299988,370.917694,10135980
2014-02-14,384.700012,384.700012,370,373.350006,364.13916,3269119
2014-02-17,373.350006,378.049988,371.149994,374.350006,365.114532,1218421
2014-02-18,374,377.700012,371.25,371.899994,362.724945,1787070
2014-02-19,373,375.200012,371,373.200012,363.992828,891444
2014-02-20,373.200012,376.600006,370.399994,371.200012,362.042236,1607125
2014-02-21,374,374,367.75,369.200012,360.091583,2004530
2014-02-24,366.5,372.799988,366.5,367.5,358.433502,1554990
2014-02-25,367.549988,375.5,367.549988,374.75,365.504639,2141819
2014-02-26,377.399994,379.450012,373,375.299988,366.041046,2983431
2014-02-28,379,385,374.5,384.299988,374.819,2480770
2014-03-03,386,387.700012,375.049988,376.600006,367.30899,1038366
2014-03-04,377,381.899994,377,378.649994,369.30838,783416
2014-03-05,379.299988,386.200012,379.299988,385.5,375.989441,1224021
2014-03-06,386,387.299988,378.149994,379.75,370.381226,1568154
2014-03-07,382.100006,382.399994,374.299988,381.200012,371.795502,1616118
2014-03-10,381.75,381.75,373.850006,375.399994,366.138611,2565231
2014-03-11,375.25,380.299988,375.25,376.950012,367.650391,1770830
2014-03-12,377.200012,380.799988,376.450012,378.700012,369.357178,1247912
2014-03-13,379.399994,383.549988,378.399994,380.399994,371.015228,979770
2014-03-14,379.649994,387,378.75,386.5,376.964722,1056579
2014-03-18,388,390.950012,382,385.850006,376.33078,1045604
2014-03-19,387,389.899994,382.25,382.799988,373.355988,1190320
2014-03-20,380.5,388.950012,379,387.25,377.696228,1355616
2014-03-21,388,389.450012,384,387.950012,378.378998,1005845
2014-03-24,398,401.600006,390.100006,391.049988,381.402466,1479217
2014-03-25,393.5,394.5,388.100006,391.25,381.597565,1796133
2014-03-26,392.649994,393.899994,385.549988,387.100006,377.549957,1590602
2014-03-27,390,391.700012,382.549988,386.399994,376.867188,2349700
2014-03-28,386.350006,391.549988,383.549988,386.950012,377.403625,1196519
2014-03-31,388.200012,389.75,381.799988,382.799988,373.355988,950977
2014-04-01,383.700012,385.75,379.149994,381.5,372.088135,1470749
2014-04-02,384.799988,392,381.549988,389.25,379.646881,2670463
2014-04-03,391.5,397.5,389.25,396.399994,386.620483,1714910
2014-04-04,398,406.100006,396.25,404.100006,394.130524,1879042
2014-04-07,407.899994,410.100006,392.200012,396.600006,386.815582,1371865
2014-04-09,398.25,401.850006,393.700012,401,391.107025,1026656
2014-04-10,401.399994,402.200012,394.200012,397.399994,387.595825,1703713
2014-04-11,397.5,403.450012,396.25,402.049988,392.131134,1525144
2014-04-15,402.25,402.799988,395.149994,400.649994,390.765656,841008
2014-04-16,401.100006,404.049988,393.600006,396.899994,387.108154,891565
2014-04-17,399.5,401.299988,394.600006,400.700012,390.814453,1189809
2014-04-21,400,404.75,397,399.799988,389.936584,745738
2014-04-22,400.149994,402.799988,395,396.5,386.718048,1162409
2014-04-23,397.299988,400.25,397.299988,399.049988,389.205078,748544
2014-04-24,399.049988,399.049988,399.049988,399.049988,389.205078,0
2014-04-25,397.25,401,392.399994,394.25,384.523529,630377
2014-04-28,394.25,409.5,394.25,406.899994,396.86145,1950705
2014-04-29,407.799988,408.75,397.700012,401.200012,391.302063,1115634
2014-04-30,401.200012,404.899994,392.549988,397.450012,387.644623,810330
2014-05-02,397.5,406.5,397.5,402.100006,392.179871,989246
2014-05-05,402.049988,404.399994,391.299988,392.799988,383.109314,1734530
2014-05-06,395.649994,395.649994,389.5,390.899994,381.256165,1302895
2014-05-07,391.149994,396.350006,381.299988,382.600006,373.16098,1677331
2014-05-08,391,395,386.100006,388.649994,379.061676,1878821
2014-05-09,388.350006,394,385.100006,392.299988,382.621643,1030990
2014-05-12,393.100006,394.799988,384.5,387.75,378.183929,1522838
2014-05-13,391,392.899994,386.100006,390.600006,380.963593,2079198
2014-05-14,392.200012,396.799988,390.799988,394.549988,384.816162,1474530
2014-05-15,394.700012,402.450012,393.5,398.100006,388.278595,1681151
2014-05-16,401.399994,425,387.450012,388.25,378.6716,2820584
2014-05-19,390.149994,394.399994,382.049988,384.75,375.257935,2386910
2014-05-20,383,391.5,378.899994,389.350006,379.744476,1790091
2014-05-21,390,394,386.299988,389.649994,380.037048,2123860
2014-05-22,391.399994,392.399994,384.350006,387.850006,378.281464,1343373
2014-05-23,388.200012,392.899994,384.049988,387.899994,378.3302,1067882
2014-05-26,388.350006,390.799988,379.100006,381.299988,371.893036,1422191
2014-05-27,382,386.049988,377.299988,378,368.674469,2348760
2014-05-28,378.600006,382.399994,376.600006,379.850006,370.47879,1105072
2014-05-29,380.100006,382,370.850006,372.450012,363.261353,2231881
2014-05-30,370,385.899994,367.5,384.549988,375.062836,2158135
2014-06-02,389,389,381.200012,387.200012,377.647491,907555
2014-06-03,386.049988,390.399994,384.200012,389,379.403076,755694
2014-06-04,387.350006,391.899994,387.350006,390.799988,381.15863,853453
2014-06-05,391.200012,392,385,387.200012,377.647491,853847
2014-06-06,387.950012,397.299988,386.600006,396.149994,386.376678,1582458
2014-06-09,398,402,393.25,396.549988,386.766815,1581828
2014-06-10,399,409.350006,396.049988,407.600006,397.544189,2777554
2014-06-11,408,417.5,408,413.149994,402.957245,2536080
2014-06-12,414,419,411.399994,416.149994,405.88324,1333274
2014-06-13,415.5,420.899994,407.5,414.100006,403.88385,1137084
2014-06-16,414.75,418,410.149994,413.600006,403.396149,2036826
2014-06-17,417,417,410.649994,412.950012,402.762207,750090
2014-06-18,420,443.25,418.100006,425.100006,414.612488,8551040
2014-06-19,429.899994,429.899994,419.649994,425.950012,415.441498,1709421
2014-06-20,426.600006,437.950012,422.25,425.649994,415.148895,2313373
2014-06-23,427.200012,428.649994,418.049988,423.899994,413.442078,1003896
2014-06-24,427.799988,429.799988,423.25,427.399994,416.855713,826911
2014-06-25,427.799988,430.899994,424,426.450012,415.929169,743792
2014-06-26,427,433.299988,421.049988,425.549988,415.051331,4161224
2014-06-27,423,442.799988,423,436.899994,426.121338,1649698
2014-06-30,442.700012,445,435.700012,438,427.194244,1645312
2014-07-01,439,441.5,436.100006,437.25,426.462738,1068729
2014-07-02,437.149994,446.549988,436.5,444.299988,433.338745,1773781
2014-07-03,445,449.899994,442,447.700012,436.654907,1828531
2014-07-04,448.899994,453.149994,441.5,449.299988,438.215424,1472541
2014-07-07,449,453.700012,444.700012,449.649994,438.556793,1432449
2014-07-08,451,460.649994,437.100006,442,431.09552,2390257
2014-07-09,443.5,447.399994,433.549988,436.25,425.487335,854107
2014-07-10,436.25,442.950012,425.25,436.049988,425.292267,1223859
2014-07-11,432,445,430,436,425.243561,1176692
2014-07-14,437,437.5,428.799988,432.649994,421.976166,641001
2014-07-15,433.149994,434.700012,427.649994,431.850006,421.195923,834688
2014-07-16,432.649994,436.200012,429.549988,432.149994,421.488556,823933
2014-07-17,430,441.399994,430,437.049988,426.267609,899509
2014-07-18,440.299988,444.149994,439,441.350006,430.461578,1460037
2014-07-21,444.649994,444.649994,436,438.299988,427.486816,564182
2014-07-22,438.549988,444,437,441.25,430.364014,713693
2014-07-23,441.75,447.799988,438,442,431.09552,794876
2014-07-24,441,444.350006,437.299988,439.549988,428.705963,674032
2014-07-25,441.450012,446.5,438.899994,445.649994,434.655426,930167
2014-07-28,446.950012,446.950012,437.350006,440.950012,430.071442,425731
2014-07-30,440.5,451.399994,439.100006,448.200012,437.142548,1339082
2014-07-31,447,463.350006,447,456.5,445.237793,2893807
2014-08-01,455,460.5,440.149994,442.5,431.58316,919050
2014-08-04,444,447.5,437.200012,440.799988,429.92511,1540481
2014-08-05,442.549988,443.200012,435,440.5,429.632507,785917
2014-08-06,438.899994,441,433.25,435.600006,426.791168,1184099
2014-08-07,435,439.649994,432.049988,434.950012,426.154327,799428
2014-08-08,431,437.649994,430,436.700012,427.868958,613238
2014-08-11,441.399994,443.25,436.700012,437.5,428.652771,961184
2014-08-12,439.850006,445.549988,437.049988,444.850006,435.854126,1011391
2014-08-13,446,450.799988,437.100006,440.350006,431.445129,1542958
2014-08-14,439.700012,452.25,432.75,448.600006,439.52829,2478440
2014-08-18,447.799988,472.600006,442.25,471.049988,461.524292,3374069
2014-08-19,472.5,476.600006,465.5,474.549988,464.953522,1982745
2014-08-20,474.049988,496.799988,472,492.350006,482.393585,2686295
2014-08-21,492.350006,499.75,486.149994,492.850006,482.883453,1635039
2014-08-22,496.399994,502,491.299988,499.299988,489.203033,2077957
2014-08-25,498,509.399994,495,507.399994,497.139191,1211454
2014-08-26,506.299988,517.400024,505.299988,512.400024,502.038177,1497790
2014-08-27,513.700012,517.400024,508.700012,513.349976,502.968872,1397996
2014-08-28,513.299988,516,506.5,514.200012,503.801697,2615834
2014-09-01,516.299988,531.099976,514.700012,529.150024,518.449341,1876424
2014-09-02,534,575,533.5,557.049988,545.785156,5384451
2014-09-03,559.900024,562.5,550,553.200012,542.013,2999971
2014-09-04,554,569,549.099976,552.299988,541.131226,3561169
2014-09-05,553.200012,559.900024,545.650024,557.5,546.226074,2710206
2014-09-08,562,565.650024,558.75,563.450012,552.055786,2158860
2014-09-09,567.099976,578.099976,567,574.900024,563.274231,1883699
2014-09-10,578,582.400024,574.799988,577.349976,565.674622,1450646
2014-09-11,577,579.400024,566.849976,575.200012,563.568115,1346966
2014-09-12,578,616.900024,576,612.75,600.358826,4515925
2014-09-15,612.599976,634.400024,609.799988,630.25,617.505005,4011059
2014-09-16,632,639.099976,614.150024,619.700012,607.168274,2498982
2014-09-17,623,627.75,604.200012,610.150024,597.811401,2534042
2014-09-18,612,622.950012,606.75,620.049988,607.511169,1768643
2014-09-19,625,637.700012,620.099976,628.099976,615.398376,2601536
2014-09-22,626,626,607.549988,612.900024,600.505798,2877030
2014-09-23,624,624,578.950012,584.299988,572.48407,5293569
2014-09-24,587.150024,603.25,573.700012,600,587.866638,3224447
2014-09-25,607.349976,617.5,597.950012,608.450012,596.145752,2631825
2014-09-26,610.900024,616.450012,587.5,611.950012,599.575012,2038811
2014-09-29,612,622.099976,608.900024,616.849976,604.375916,1105338
2014-09-30,614.099976,628.099976,613.799988,626.799988,614.124695,1661328
2014-10-01,626.799988,631.400024,621.099976,624.299988,611.675171,1220240
2014-10-07,629.700012,630.349976,598.25,602.200012,590.022095,2218559
2014-10-08,603.900024,603.900024,578.799988,585.650024,573.806824,2870865
2014-10-09,589.75,605,587.200012,591.700012,579.734497,1833911
2014-10-10,590.400024,598.450012,580,592.400024,580.420349,2277836
2014-10-13,591,591,574.450012,575.950012,564.302979,1570550
2014-10-14,574.700012,586.599976,570.200012,578.5,566.801392,1235691
2014-10-15,578.5,578.5,578.5,578.5,566.801392,0
2014-10-16,578.849976,592.900024,575.200012,578.650024,566.948364,1899046
2014-10-17,575.5,601,575.5,595.599976,583.555603,1717922
2014-10-20,600,610.799988,599.5,604.25,592.030701,1386961
2014-10-21,604,611.25,599.75,608.299988,595.998779,1375706
2014-10-22,612,633.700012,609.75,628.400024,615.692383,2149219
2014-10-27,629.799988,631.099976,620.099976,628.099976,615.398376,1316795
2014-10-28,630,648.799988,625.700012,646.150024,633.083374,1860143
2014-10-29,652.900024,658.799988,649,656.900024,643.615967,2970820
2014-10-30,656.25,663.799988,647,650.599976,637.443359,2236206
2014-10-31,652.700012,673,647.799988,666.549988,653.070862,1185420
2014-11-03,670,671,658.75,663.099976,649.690613,796370
2014-11-05,664.900024,670.700012,651.799988,658.5,645.183655,1178035
2014-11-07,657.5,667.700012,647.700012,650.150024,637.002502,1670668
2014-11-10,652,653,639.150024,643,629.99707,672490
2014-11-11,647.700012,651.650024,634,637,624.118408,1156064
2014-11-12,639.950012,642.799988,616,618.299988,605.79657,2128988
2014-11-13,620,635,618.150024,623.650024,611.038391,1824599
2014-11-14,615.5,629.75,606.950012,609.200012,596.880615,2551434
2014-11-17,609,618,606.049988,613.299988,600.897644,1168089
2014-11-18,612,617.700012,606,607.849976,595.557861,1828374
2014-11-19,611,613.75,593,599.200012,587.082825,1553551
2014-11-20,600,623.950012,595.650024,618.5,605.992493,2261492
2014-11-21,626.450012,645,624.25,627.049988,614.369629,2847855
2014-11-24,627,632,616.299988,618.150024,605.649658,1703235
2014-11-25,619,628.900024,608,624.25,611.626282,4011692
2014-11-26,630,638,624.099976,628.950012,616.231262,2164082
2014-11-27,630,642,626.299988,637.549988,624.657349,2119129
2014-11-28,642,646.599976,632.599976,635.150024,622.305847,2330230
2014-12-01,636.849976,649.549988,629.400024,643.049988,630.046021,2014699
2014-12-02,643,651.849976,637.049988,639.450012,626.51886,1582287
2014-12-03,642,663,637,650.200012,637.051453,4859501
2014-12-04,660,667.299988,654,659.25,645.918457,1897979
2014-12-05,657.099976,664.5,645.75,647.299988,634.210144,1448690
2014-12-08,651,655,641,651.900024,638.717163,1732385
2014-12-09,651,652.450012,636,640,627.057739,801143
2014-12-10,641,652,636.049988,649.849976,636.708557,1467006
2014-12-11,650,651.099976,640.099976,642.450012,629.458191,1179422
2014-12-12,644,649.799988,636.650024,640.900024,627.939636,1119398
2014-12-15,641,643.849976,623.349976,632.099976,619.317444,1055655
2014-12-16,630,631.299988,616.900024,623.400024,610.793457,1512132
2014-12-17,618,619.700012,597.799988,605.5,593.255493,2116349
2014-12-18,609,629,609,625.349976,612.703979,1579359
2014-12-19,632,634.450012,616.849976,618.950012,606.433472,1260103
2014-12-22,621.099976,622.799988,614,618.25,605.747559,751698
2014-12-23,619.5,633.900024,612.549988,630.099976,617.357971,1378766
2014-12-24,635.099976,636.450012,622,625.099976,612.459045,2697412
2014-12-26,626,629.799988,619.400024,622.799988,610.205566,525600
2014-12-29,623.25,632.400024,618.599976,622.849976,610.254517,686818
2014-12-30,624.5,628.849976,621.349976,625.25,612.606018,481982
2014-12-31,625,629.200012,624,626.400024,613.732727,789136
2015-01-01,626.5,634.799988,626.5,628.400024,615.692383,596787
2015-01-02,633,637.549988,629.349976,630.150024,617.406982,688999
2015-01-05,626,638,626,633,620.199341,1282895
2015-01-06,631,632,610.5,614.349976,601.926453,1615490
2015-01-07,614.349976,617.799988,604.5,611.950012,599.575012,813936
2015-01-08,615,621.5,612,618.200012,605.698608,1273014
2015-01-09,624,641.5,621,632.349976,619.562439,2151608
2015-01-12,630.900024,637,625.950012,630.75,617.994751,1094136
2015-01-13,631,645.299988,628.200012,636.400024,623.53064,1261489
2015-01-14,638.799988,641.849976,629.049988,631.400024,618.631653,1033679
2015-01-15,638.900024,640,632.599976,638.049988,625.147217,1229115
2015-01-16,641.700012,650,639,647.349976,634.259155,1245788
2015-01-19,652,661.549988,649,657.799988,644.497803,1536486
2015-01-20,661.950012,666.450012,657.349976,661.799988,648.416931,1537603
2015-01-21,663,663.849976,641,643.450012,630.437927,1541897
2015-01-22,643.5,657.200012,641.349976,654.799988,641.558472,1642285
2015-01-23,659.900024,686.5,654.599976,677.650024,663.946411,2255956
2015-01-27,687,710,683,707.049988,692.751892,2067849
2015-01-28,706.900024,707,692.549988,703.549988,689.322632,1379608
2015-01-29,699.950012,711.900024,686.5,697.450012,683.346008,2245977
2015-01-30,699,702.799988,691.200012,695.75,681.680359,1061983
2015-02-02,698,706.5,691.25,695.5,681.435425,878717
2015-02-03,695.150024,699.75,672.049988,677.400024,663.701416,772717
2015-02-04,680.400024,688,666.599976,678,664.289307,1326140
2015-02-05,676.549988,676.549988,657.25,662.400024,649.004761,913021
2015-02-06,672,682.700012,645.650024,655.049988,641.803467,1572398
2015-02-09,650,656,626.25,629.650024,616.917053,1213162
2015-02-10,630,642.799988,623.450012,640.150024,627.204773,1834808
2015-02-11,640.150024,640.799988,631.049988,636.450012,623.57959,1671824
2015-02-12,641,665.549988,633.049988,660.650024,647.290283,4022095
2015-02-13,661,701.849976,659,667.25,653.756653,6373168
2015-02-16,670.299988,678.900024,668,671.549988,657.969788,1056625
2015-02-18,672.700012,684,667.549988,677.650024,663.946411,975390
2015-02-19,683,692,672.099976,682.450012,668.649292,1803177
2015-02-20,686.200012,690,673.549988,675.950012,662.280762,1323954
2015-02-23,678,684.349976,666,669.150024,655.618347,1030305
2015-02-24,673,679.599976,670,677.299988,663.603455,745543
2015-02-25,679.549988,685.200012,671.450012,676.349976,662.672668,865007
2015-02-26,680.5,682.450012,656.150024,659.450012,646.114441,1754632
2015-02-27,662.400024,677,655.400024,669.849976,656.304077,1632882
2015-03-02,683.549988,725,681.349976,716.950012,702.451721,2226858
2015-03-03,720,738.700012,715.099976,731.900024,717.099365,2346080
2015-03-04,736,747.5,722,727.049988,712.347412,1975785
2015-03-05,730,746.400024,725,739.5,724.545654,1863532
2015-03-09,739.5,742.5,730.049988,734.200012,719.352844,886869
2015-03-10,740,752.849976,725,729.450012,714.698914,2224099
2015-03-11,734,737.450012,712.400024,717.700012,703.186523,1656569
2015-03-12,719.150024,728,711,720.200012,705.635925,1970544
2015-03-13,725,727.650024,701.099976,703.849976,689.616516,1031988
2015-03-16,706.150024,707.799988,683.599976,693.650024,679.622864,2758251
2015-03-17,698.400024,716,696.650024,710.549988,696.18103,1832519
2015-03-18,714,720.799988,708.049988,711.950012,697.552734,1470026
2015-03-19,716,726.799988,705.599976,710.349976,695.985107,1697308
2015-03-20,713.849976,718.400024,693.75,699.799988,685.648499,1874430
2015-03-23,703.5,712.299988,694,701.299988,687.118103,825791
2015-03-24,700.75,713.950012,698.5,710.25,695.887146,976875
2015-03-25,714.400024,718.450012,706.299988,711.450012,697.062866,1175071
2015-03-26,710.5,717.25,697.099976,700.950012,686.775208,2634979
2015-03-27,707,709,687.200012,694,679.965759,2072818
2015-03-30,695.099976,710.950012,695.099976,702.200012,688,1612745
2015-03-31,705,717.700012,700.25,712.450012,698.042664,2267378
2015-04-01,714,716.5,703.849976,709.599976,695.250305,1693796
2015-04-06,714,739.099976,711.549988,735.650024,720.773499,2457940
2015-04-07,740,744.700012,722.400024,728.200012,713.474182,1652776
2015-04-08,732,746.099976,724.599976,736.700012,721.802307,2259141
2015-04-09,741.700012,741.849976,715.299988,719.450012,704.901123,1409699
2015-04-10,710,715.950012,694,701.150024,686.971191,2038210
2015-04-13,702,714.599976,691,712.400024,697.993652,1497566
2015-04-15,713.450012,717,690.099976,692.900024,678.888062,1604656
2015-04-16,695.400024,695.400024,673,678.849976,665.122131,1787533
2015-04-17,679,689,672.099976,680.400024,666.640808,2231820
2015-04-20,679.799988,683.900024,658.549988,660,646.653259,1915626
2015-04-21,660,665.25,645,652.599976,639.402893,2144141
2015-04-22,655,668,645,656.700012,643.420105,1969424
2015-04-23,660,668.799988,657,663.950012,650.523376,3600202
2015-04-24,664.450012,664.450012,635,637.650024,624.755249,1623284
2015-04-27,638.799988,639.75,621.25,628.450012,615.741272,1502771
2015-04-28,625,635,618.75,631.650024,618.876648,1434089
2015-04-29,632.650024,640,625.599976,629.25,616.525146,1272786
2015-04-30,626.5,642.400024,620,636,623.138672,2844112
2015-05-04,642,681.099976,640,673.700012,660.076294,3045985
2015-05-05,674.599976,675.650024,657.150024,662.299988,648.906799,2220174
2015-05-06,662,662,631.099976,636.25,623.383545,3640420
2015-05-07,636,642.5,620.400024,627.799988,615.104431,1896392
2015-05-08,633,660.950012,632.950012,654.700012,641.460449,2770332
2015-05-11,667.450012,672.950012,662.450012,666.099976,652.629883,2078211
2015-05-12,665.25,674.900024,654.25,664.099976,650.670349,2714276
2015-05-13,665,679,660.450012,676.599976,662.917603,1858476
2015-05-14,679.349976,695.950012,678,686,672.127563,2412197
2015-05-15,684.849976,686.700012,672.650024,683.349976,669.531128,1187367
2015-05-18,683.299988,690,678.049988,685.549988,671.686584,864835
2015-05-19,683.5,693.900024,678.900024,682.700012,668.894226,848057
2015-05-20,683.900024,690.700012,681.099976,688.549988,674.625977,884919
2015-05-21,688.450012,688.450012,669.400024,674.349976,660.713074,1596030
2015-05-22,676,680.5,667.900024,673.900024,660.272217,1181691
2015-05-25,676.400024,677.5,657.200012,660.200012,646.849304,1333330
2015-05-26,662,665.5,652.099976,659.049988,645.722473,989654
2015-05-27,657.799988,669.650024,653,661.099976,647.730957,1529286
2015-05-28,665,666,639.799988,644,630.976807,2667994
2015-05-29,646.849976,660,641.200012,650.450012,637.296387,3757040
2015-06-01,645.5,672.75,645.5,662.099976,648.710815,2655528
2015-06-02,666,667.799988,639.349976,641.299988,628.331421,1725187
2015-06-03,642.200012,643.549988,631.099976,635.150024,622.305847,1140795
2015-06-04,638.700012,643.900024,625.299988,630.450012,617.700867,965314
2015-06-05,629.900024,636.900024,620,622.650024,610.058655,1161230
2015-06-08,619.900024,621.700012,609,614.700012,602.269348,1535540
2015-06-09,608,610,587.700012,591.950012,579.979431,1880172
2015-06-10,590,600,585.799988,592.75,580.763306,1518836
2015-06-11,595,599,571.25,574.349976,562.735352,2025695
2015-06-12,574.099976,586,571.799988,581.650024,569.887695,1768081
2015-06-15,581.700012,592.599976,571.599976,585.700012,573.855774,1358401
2015-06-16,583,592,575.700012,590.349976,578.411743,1586626
2015-06-17,592,617.700012,591.099976,612.900024,600.505798,3226832
2015-06-18,618.400024,622.599976,602.099976,607.049988,594.774109,2134429
2015-06-19,607,614.700012,599,606.650024,594.382202,2017997
2015-06-22,612,617.5,607,613.5,601.093628,1609442
2015-06-23,618.5,631.5,612.5,630.349976,617.602844,1700335
2015-06-24,632,634.200012,616.349976,621.75,609.176819,1350706
2015-06-25,618,620,600,610.75,598.399231,1916121
2015-06-26,612,621.75,612,619.299988,606.776306,2088582
2015-06-29,610,613.900024,600.099976,610.950012,598.595215,1359591
2015-06-30,607.200012,618,606.549988,615.400024,602.955261,2352929
2015-07-01,619,637.200012,616.75,634.900024,622.060852,1789439
2015-07-02,634.900024,636.849976,625.099976,626.349976,613.683777,1018273
2015-07-03,626.25,638.950012,626,631.549988,618.778625,1062854
2015-07-06,627,655.950012,623.349976,653.700012,640.480713,2193898
2015-07-07,654.900024,658.650024,644.099976,646.5,633.426331,1151563
2015-07-08,643,655.75,631.700012,646.200012,633.132385,1553260
2015-07-09,647,654.900024,637.349976,641.150024,628.184509,1165623
2015-07-10,643.299988,650.5,634,648,634.895935,1329511
2015-07-13,653,664.900024,651.950012,661.25,647.878052,1334312
2015-07-14,663.75,671.650024,660.25,665.950012,652.483032,966237
2015-07-15,667,673,663.099976,670.599976,657.03894,790552
2015-07-16,672.150024,682,665.549988,679.799988,666.052917,1342722
2015-07-17,680.049988,687.700012,678.549988,685.200012,671.343689,1180811
2015-07-20,685.549988,691.450012,680,683.099976,669.286133,756355
2015-07-21,683,688.75,660.099976,662.5,649.102783,1019824
2015-07-22,664,680,663.5,674.599976,660.958008,1412682
2015-07-23,675,676.900024,663.25,673.200012,659.586365,759001
2015-07-24,675,685.799988,671.75,678.099976,664.387207,1177924
2015-07-27,676.75,688.75,673,675.349976,661.692871,807908
2015-07-28,676.950012,680,665.099976,671.900024,658.312622,832236
2015-07-29,674.900024,683.75,667,679.549988,665.807922,1183157
2015-07-30,685.099976,714.700012,685.099976,711.049988,696.670959,2842736
2015-07-31,719.900024,724,706,709.049988,694.711365,2031688
2015-08-03,713.799988,716.950012,705,712.299988,697.89563,916688
2015-08-04,717.950012,717.950012,703.099976,709.650024,695.299316,1237267
2015-08-05,710.950012,721.900024,709,718.599976,704.068237,1274983
2015-08-06,720.25,731.099976,718.049988,723.400024,708.77124,1374485
2015-08-07,724.700012,728.849976,713.5,715.150024,700.687988,980254
2015-08-10,717.400024,723.5,710.75,715.25,700.786072,914543
2015-08-11,719,729,713.950012,719.200012,706.632019,1636795
2015-08-12,718.450012,724.299988,696.75,707.650024,695.283936,2149755
2015-08-13,711.799988,730,710.5,725.5,712.82196,2079678
2015-08-14,735,741.75,730.25,739.599976,726.675598,3238561
2015-08-17,744.950012,745,701,703.150024,690.862488,7582133
2015-08-18,709,709.400024,680.799988,683.799988,671.850647,5972184
2015-08-19,687,703.400024,686.900024,696.099976,683.93573,2593642
2015-08-20,697.5,708,688.400024,691.599976,679.514343,2267326
2015-08-21,680,700.950012,671.099976,697.400024,685.212952,2011811
2015-08-24,675,681.900024,626,635.849976,624.738586,4568527
2015-08-25,649,654,605.700012,645.400024,634.121704,4891926
2015-08-26,648,649,633.5,637.450012,626.310669,2031606
2015-08-27,652,667.799988,640,660.950012,649.399963,3929856
2015-08-28,675,679.700012,655,659.849976,648.319153,2111583
2015-08-31,659.799988,685,655.099976,682.150024,670.229492,2172057
2015-09-01,682,688.400024,657,663.150024,651.561523,2567389
2015-09-02,665,669.75,644.099976,648.299988,636.971008,2734383
2015-09-03,659,663.75,651.799988,655.650024,644.192627,3366027
2015-09-04,676.25,679.799988,646.5,649.549988,638.199158,4428049
2015-09-07,656,662,647.25,649.549988,638.199158,1844881
2015-09-08,652,654.099976,623.5,650,638.641357,2197872
2015-09-09,662.849976,668,650.099976,656.450012,644.978638,1561345
2015-09-10,649,657.5,640.700012,653.700012,642.276733,1254979
2015-09-11,660,662.75,648.900024,653.150024,641.736267,1179996
2015-09-14,654.75,663,650.5,660.700012,649.154419,796196
2015-09-15,665.950012,667,653.5,658.299988,646.796265,921666
2015-09-16,660.200012,665.700012,657,661.599976,650.038574,1038816
2015-09-18,667,669,647.049988,652,640.606323,2152655
2015-09-21,648,652,639.599976,649.25,637.904419,1001552
2015-09-22,653,653.299988,642.099976,644.150024,632.893616,1673424
2015-09-23,638.799988,644,633.5,642.150024,630.928528,1098608
2015-09-24,640,650.799988,639,643.099976,631.861938,2130588
2015-09-28,648,653.849976,639.049988,641.900024,630.682861,2002727
2015-09-29,636.799988,644.799988,628.5,636.5,625.377258,1385234
2015-09-30,638,639.950012,631.200012,636.049988,624.935059,3135198
2015-10-01,642.900024,649,631.450012,633.549988,622.47876,2945165
2015-10-05,639.650024,642,633.650024,640.099976,628.914368,2469393
2015-10-06,643.900024,666.450012,641.349976,664,652.396606,2513511
2015-10-07,668.900024,683.599976,660.599976,680.799988,668.903076,2160153
2015-10-08,688,689.5,672.049988,680.25,668.362671,2304302
2015-10-09,684.400024,691.900024,679.25,689.549988,677.500183,1867010
2015-10-12,692,692.799988,675,676.349976,664.530884,980356
2015-10-13,676.25,681,673.5,679.049988,667.183716,1215291
2015-10-14,673,680.200012,660,679.200012,667.331116,1219164
2015-10-15,683.75,683.950012,669.400024,670.950012,659.22522,1232379
2015-10-16,674.400024,680.5,669,679.450012,667.57666,1925227
2015-10-19,679.5,689.700012,677,688.450012,676.419434,2154963
2015-10-20,689.650024,689.650024,658.599976,673.599976,661.828918,5642920
2015-10-21,673.599976,681.900024,672,678,666.152039,2005358
2015-10-23,682.099976,686,679.299988,682.200012,670.278564,1705211
2015-10-26,683.400024,684,673.400024,681.25,669.345276,1217235
2015-10-27,676,688,672.25,684.700012,672.734924,1610215
2015-10-28,682.25,702.25,675.799988,696.049988,683.886536,1537365
2015-10-29,699,704.900024,689.5,691.549988,679.465271,2975896
2015-10-30,699,703.900024,688.049988,690.450012,678.38446,1885373
2015-11-02,688.950012,688.950012,674.400024,680.25,668.362671,766804
2015-11-03,686.049988,686.049988,671.099976,675.400024,663.597473,1048233
2015-11-04,680,680.950012,668.099976,670.700012,658.979614,1321427
2015-11-05,675,675.400024,655.200012,658.049988,646.550659,1833741
2015-11-06,655,672.700012,651,658.150024,646.648926,1715887
2015-11-09,644.099976,649.700012,638.599976,647.599976,636.283203,1192556
2015-11-10,647,648.5,637.5,641.900024,630.682861,1166182
2015-11-13,635,635.950012,615.099976,617.900024,607.102295,2193410
2015-11-16,617.849976,631.150024,613.150024,625.799988,614.864258,1127051
2015-11-17,628.950012,638.900024,628,635.75,624.64032,808720
2015-11-18,634.799988,642,627.400024,629.75,618.745239,1026565
2015-11-19,635,637.400024,629.849976,635.650024,624.542114,523990
2015-11-20,635.900024,648.900024,631.099976,646.849976,635.546326,1070873
2015-11-23,647.599976,648,633.5,641.450012,630.240784,878175
2015-11-24,640,646.799988,635,637.299988,626.163208,909556
2015-11-26,639.799988,641.900024,633.099976,634.549988,623.461304,1319195
2015-11-27,637.400024,645.700012,635.549988,643.650024,632.402344,1110713
2015-11-30,643,651.5,639,643.650024,632.402344,2146672
2015-12-01,645.5,650,645,648.549988,637.216675,670534
2015-12-02,648.599976,661.400024,648.5,658.400024,646.89447,1610659
2015-12-03,652.75,656,642.25,651.200012,639.820313,1484709
2015-12-04,649.650024,655,643.599976,645.799988,634.514709,1127553
2015-12-07,647.950012,654,640.099976,645.200012,633.925293,921343
2015-12-08,642,648.5,638.400024,642.599976,631.370605,730708
2015-12-09,642.049988,644.900024,620,623.799988,612.899109,1044192
2015-12-10,625.049988,640.849976,622,636.799988,625.671936,1030589
2015-12-11,636.549988,642.950012,630.75,639.25,628.079102,1104857
2015-12-14,637.900024,643.799988,631.049988,637.049988,625.917603,721113
2015-12-15,637.049988,641.5,636.549988,638.900024,627.735291,948636
2015-12-16,642.950012,643.950012,637.099976,638.650024,627.489685,1166504
2015-12-17,639,644.950012,636.299988,642.900024,631.665405,1333918
2015-12-18,642.799988,649.299988,640.099976,642.099976,630.879333,995474
2015-12-21,649.799988,649.799988,641.099976,643.700012,632.451477,738842
2015-12-22,643.950012,648,641.5,644.200012,632.942688,508379
2015-12-23,646,649.400024,644.5,647.450012,636.135864,342498
2015-12-24,648.799988,654.400024,645.200012,648.200012,636.872742,395801
2015-12-28,648.150024,659.450012,647.299988,657.599976,646.108459,793844
2015-12-29,660,660,652,653.849976,642.424011,472504
2015-12-30,653.799988,657,650.099976,653.200012,641.7854,587218
2015-12-31,653,655,647.200012,649.75,638.39563,765254
2016-01-01,653.200012,658.450012,648.5,655.349976,643.897766,556012
2016-01-04,652.049988,653.799988,639.400024,645.650024,634.367249,631534
2016-01-05,646.200012,649.950012,638.049988,640.849976,629.651184,642269
2016-01-06,639.700012,655.950012,638.700012,652.099976,640.704651,1234096
2016-01-07,648,650,629,637.450012,626.310669,732335
2016-01-08,637.299988,645,614,622.349976,611.474487,1553402
2016-01-11,617.400024,617.400024,604.25,610.049988,599.389404,1668698
2016-01-12,609,616.900024,605.700012,611.450012,600.764954,1278522
2016-01-13,615.25,615.950012,596.099976,608.650024,598.013977,794118
2016-01-14,603.400024,617.049988,596.75,614.299988,603.565186,986574
2016-01-15,616,616.950012,602.349976,609.099976,598.456055,1119442
2016-01-18,608,608.049988,586.400024,591.049988,580.721436,1435098
2016-01-19,590.349976,600.799988,583,598.049988,587.599121,849433
2016-01-20,594.799988,603.150024,588,593.150024,582.784851,1002709
2016-01-21,600.25,601.450012,576.549988,580.25,570.110229,1452498
2016-01-22,582.799988,588.5,577.400024,581.900024,571.731384,1297154
2016-01-25,590,590,579.200012,580.599976,570.454041,910559
2016-01-27,582,587.650024,572.299988,580.5,570.355835,982504
2016-01-28,581,585.5,575,577.799988,567.703003,1336930
2016-01-29,579.950012,592,578.099976,585.099976,574.875366,1146060
2016-02-01,591.900024,605.950012,589.150024,599.450012,588.97467,1045333
2016-02-02,601,606.049988,562,574,563.969421,1779141
2016-02-03,570,578.799988,559.400024,562.049988,552.228271,1188642
2016-02-04,567,570.400024,540.049988,550.400024,540.78186,1614064
2016-02-05,555,573.299988,544.099976,570.150024,560.186707,864080
2016-02-08,574.950012,575.75,561.099976,566.849976,556.944275,1264314
2016-02-09,564.900024,571.200012,551.099976,555.849976,546.136536,1357674
2016-02-10,555,558.950012,534,538.599976,529.188049,2425499
2016-02-11,530,548.700012,517.299988,540.849976,531.398682,5647601
2016-02-12,543,543.549988,525.049988,528.599976,519.362732,1981976
2016-02-15,533.049988,542,528.5,539.700012,530.268799,2467275
2016-02-16,545.950012,549.5,520.450012,524.049988,514.892212,2664696
2016-02-17,526,526.5,513.400024,519.099976,510.028778,1924596
2016-02-18,527.099976,529.400024,520.599976,524.400024,515.236206,1967772
2016-02-19,525.950012,531,519.200012,524.650024,515.481812,1054082
2016-02-22,529.349976,531.849976,525,530.5,521.229553,1236400
2016-02-23,531.900024,532.900024,517.5,522.599976,513.467651,1047760
2016-02-24,522.200012,523.049988,510.5,513.950012,504.968781,1836770
2016-02-25,518,521.799988,510,519,509.930542,2723564
2016-02-26,522.849976,527.75,519,524,514.84314,1985528
2016-02-29,528,528,505,514.150024,505.165283,3487816
2016-03-01,515,521.400024,509.600006,516.349976,507.326782,2146110
2016-03-02,523.5,532,519.400024,525.599976,516.4151,3422308
2016-03-03,530,531,523.400024,527.099976,517.888916,3101778
2016-03-04,533.700012,545.599976,530.25,537.700012,528.303711,2693406
2016-03-08,539.799988,549.700012,528.799988,532.349976,523.047241,1409496
2016-03-09,533.849976,535,521.349976,529.299988,520.050598,4376676
2016-03-10,530.200012,540.200012,530,533.950012,524.619263,3609343
2016-03-11,534.5,538.549988,530.950012,534.599976,525.257935,2806975
2016-03-14,538,543.75,530.099976,537.599976,528.205444,3909833
2016-03-15,538.599976,539,522,525.049988,515.874817,2961527
2016-03-16,524.900024,534.799988,516.200012,531,521.720825,2221318
2016-03-17,536.299988,537,521.549988,524.549988,515.383484,2100095
2016-03-18,529,530.049988,517.5,528.25,519.018921,4345885
2016-03-21,530,538.400024,527.5,535.849976,526.486023,1221223
2016-03-22,537.5,539,531.049988,535.299988,525.945618,1529194
2016-03-23,534.799988,536.299988,525.549988,532.799988,523.48938,1361735
2016-03-28,536.299988,537.349976,522.099976,524.200012,515.039673,1947564
2016-03-29,521.049988,525,494.549988,503.5,494.701385,6503207
2016-03-30,506.950012,516.5,502.5,512.349976,503.396667,4372138
2016-03-31,513,518,507.899994,511.950012,503.003723,3086978
2016-04-01,513.799988,517.299988,510,514.549988,505.558289,1239447
2016-04-04,519,519,512.150024,514.299988,505.312622,768318
2016-04-05,513,516,501.450012,503,494.210114,1086907
2016-04-06,503.350006,507.5,497,504.950012,496.126099,1820374
2016-04-07,505.75,513.049988,501.700012,506.399994,497.55072,2102922
2016-04-08,509.799988,510.600006,503.25,504.450012,495.634796,1262329
2016-04-11,505.5,506,497.049988,502.149994,493.375,2929584
2016-04-12,502.700012,508.850006,499.700012,501.950012,493.178467,3622355
2016-04-13,505.149994,515,504,511.899994,502.95459,3642720
2016-04-18,515,525.700012,507.100006,524.099976,514.941345,3507933
2016-04-20,525,530.400024,519.25,527.200012,517.987305,2898556
2016-04-21,530,534,526.599976,532,522.703369,3392813
2016-04-22,529.700012,536.549988,527,531.349976,522.064697,1880283
2016-04-25,532.5,533.849976,523.5,526.5,517.299438,1959119
2016-04-26,524.650024,542.25,524.150024,540.5,531.05481,1855477
2016-04-27,539.5,544.299988,534.5,540.200012,530.760132,1456338
2016-04-28,538.900024,543.75,525,528.25,519.018921,3088525
2016-04-29,527.200012,538.400024,527.099976,537,527.616028,932705
2016-05-02,536.950012,544.599976,535,540.650024,531.202271,1336667
2016-05-03,540,547,526.549988,536.849976,527.468567,1524809
2016-05-04,534,541.349976,529,533.200012,523.882324,785756
2016-05-05,535.5,544,533.5,541.799988,532.332092,1025103
2016-05-06,540,542.75,535.099976,537.349976,527.959839,511789
2016-05-09,538.299988,540.200012,533.25,536.549988,527.173889,727957
2016-05-10,537,539.5,532.75,537.049988,527.6651,669096
2016-05-11,532,539.5,530.75,536.599976,527.222961,943441
2016-05-12,536.950012,542.450012,534.349976,536.299988,526.928162,670055
2016-05-13,534.450012,538.700012,530.049988,531.700012,522.40863,891484
2016-05-16,533.849976,533.849976,520.349976,521.799988,512.68158,883516
2016-05-17,523,528.650024,522.5,523.75,514.597534,679688
2016-05-18,522.549988,526.75,520.049988,524.549988,515.383484,653047
2016-05-19,524.099976,525.900024,510.200012,512.700012,503.740631,1062398
2016-05-20,514.299988,515.25,501.200012,507.100006,498.238495,1700932
2016-05-23,510,510,494.799988,497.399994,488.707947,2021694
2016-05-24,499.950012,505.200012,491.549988,494.049988,485.416504,2526624
2016-05-25,480,480,457.450012,469.799988,461.590271,15183389
2016-05-26,472.700012,473.899994,466,467.950012,459.772614,4432025
2016-05-27,470.899994,478.5,469.100006,473.450012,465.176544,2638981
2016-05-30,476.950012,478.5,470,473.549988,465.27475,1183625
2016-05-31,475.399994,479.25,471,472.649994,464.390503,2368362
2016-06-01,474.700012,474.700012,462.75,464.899994,456.775909,1247617
2016-06-02,464.450012,470,459,468.100006,459.920013,1354914
2016-06-03,470.5,473.950012,462.299988,465.200012,457.070709,1318109
2016-06-06,468.950012,471.5,465.399994,466.649994,458.495361,1409144
2016-06-07,466.649994,471.899994,466.649994,468.350006,460.165619,1797918
2016-06-08,471.850006,474,468,472.149994,463.8992,811331
2016-06-09,473.549988,481.950012,469.100006,479.100006,470.727783,1695845
2016-06-10,475,486.600006,474.5,476.450012,468.124084,1704257
2016-06-13,474.950012,479.899994,465.549988,468.700012,460.509521,1271568
2016-06-14,470.100006,484,469.549988,482.700012,474.264862,2522251
2016-06-15,485.899994,492.549988,483.799988,490.049988,481.48642,1860880
2016-06-16,487.799988,488.850006,479.350006,486.649994,478.145844,1239939
2016-06-17,487,490,484.049988,486.450012,477.949341,593507
2016-06-20,486.649994,490.899994,482.549988,488.25,479.717926,1026672
2016-06-21,490,490,480.299988,483.399994,474.952637,861422
2016-06-22,483.850006,486.5,480,482.450012,474.019226,673949
2016-06-23,481.100006,483,474.649994,475.75,467.43631,1918112
2016-06-24,468,478,459.600006,476.549988,468.222321,1875935
2016-06-27,475,491,474,489.049988,480.503906,2362093
2016-06-28,490,499,486.549988,497.350006,488.658875,1775304
2016-06-29,498.799988,504,496.049988,502.450012,493.669769,1048438
2016-06-30,505,506.799988,499.450012,501,492.245056,2152521
2016-07-01,502,510,499.850006,508.600006,499.71228,1008068
2016-07-04,510.700012,513.400024,508.100006,510.200012,501.284302,1055119
2016-07-05,510.200012,511.100006,502.700012,507,498.140228,689915
2016-07-07,505.5,517.349976,504.049988,514.299988,505.312622,2078580
2016-07-08,518,522.450012,513.049988,520.299988,511.207794,1828792
2016-07-11,525.400024,528.25,520,522,512.878052,1441960
2016-07-12,522.5,522.900024,514.099976,515.700012,506.688202,891315
2016-07-13,516,519.450012,511.200012,514.599976,505.607391,1202156
2016-07-14,515.900024,516.599976,507,511.950012,503.003723,1257722
2016-07-15,513.950012,518.900024,510.200012,516.400024,507.376007,1004156
2016-07-18,517.049988,517.299988,505.299988,506.950012,498.091095,1459230
2016-07-19,507,510.399994,500.549988,505.799988,496.961182,1027246
2016-07-20,507.450012,519.400024,505.25,517.849976,508.800598,3584904
2016-07-21,522.5,526.950012,514,515.849976,506.83548,2274652
2016-07-22,516,522.900024,512.349976,520.400024,511.30603,1188747
2016-07-25,514.049988,526.5,513,524.599976,515.432617,1337348
2016-07-26,527.5,530.150024,521.75,523.549988,514.40094,2105457
2016-07-27,523,529.150024,516.950012,523.150024,514.008057,894972
2016-07-28,523.900024,527.950012,519,520.650024,511.551697,1347889
2016-07-29,522.400024,535.5,520,527.400024,518.183777,1785352
2016-08-01,528.799988,535,521.5,524.049988,514.892212,955999
2016-08-02,525.099976,529.950012,516.200012,517.900024,508.849731,1009436
2016-08-03,517,534.900024,515.299988,529.450012,520.197937,1846161
2016-08-04,531.200012,534,523,526.950012,517.741577,1564658
2016-08-05,530.900024,534.599976,527.25,533.25,523.931519,699384
2016-08-08,533.900024,541.200012,531.950012,535.400024,526.043945,852842
2016-08-09,537.799988,540,530.150024,532.950012,523.636841,886532
2016-08-10,532.5,533.950012,519.5,521.25,512.141235,809814
2016-08-11,521.5,525.5,517.900024,523.950012,514.794067,761596
2016-08-12,524,526.400024,512.099976,515.950012,506.933899,2124886
2016-08-16,510.200012,557.549988,510.200012,554.150024,544.46637,8817547
2016-08-17,552,564,547.200012,549.849976,540.241394,3819727
2016-08-18,553.700012,557.5,548,552.650024,542.992493,1434412
2016-08-19,552.849976,560.549988,552.5,556.799988,547.069946,1598177
2016-08-22,557,564.900024,552.299988,557.599976,547.855957,1218782
2016-08-23,557.599976,557.75,552.049988,555.650024,545.940125,874783
2016-08-24,559.799988,572,553.849976,567.200012,557.288269,2340210
2016-08-25,570,574.549988,560,562.900024,553.063416,3471437
2016-08-26,567.5,571.700012,562.349976,567.25,557.337341,2196070
2016-08-29,568.299988,570.349976,562.900024,568,558.07428,1085860
2016-08-30,570,581.450012,567.700012,576.099976,566.032654,1075723
2016-08-31,581.049988,587.5,570,572.950012,562.937744,3596264
2016-09-01,575,581.299988,571,579.150024,569.029419,960422
2016-09-02,580.299988,581.099976,571.5,577.950012,567.850342,880437
2016-09-06,585,586.299988,576,578.599976,568.489014,1189215
2016-09-07,580.049988,585.950012,575.099976,580.75,570.60144,1786522
2016-09-08,581.200012,598.400024,581.200012,595.150024,584.749817,1573263
2016-09-09,595.099976,595.599976,578,580.5,570.355835,1513978
2016-09-12,572.200012,579.200012,562.299988,570.099976,562.074097,1296182
2016-09-14,570,583.700012,569.799988,577.5,569.369934,1579482
2016-09-15,579,591,576.849976,585.400024,577.158691,1294197
2016-09-16,587.099976,596,586.099976,593.549988,585.193909,2145891
2016-09-19,594.900024,600,593.25,597.799988,589.384155,1213754
2016-09-20,598.700012,607.5,596,602.849976,594.362976,2209606
2016-09-21,602.849976,607,597.099976,601.349976,592.884094,1578461
2016-09-22,605,610.950012,603.900024,609.099976,600.525024,1926725
2016-09-23,609,617.799988,604.700012,611.549988,602.940491,1225528
2016-09-26,609,615,603,604.5,595.989807,1796225
2016-09-27,604,610.299988,601.849976,607.200012,598.651794,1443938
2016-09-28,608.700012,612.400024,602.25,605.799988,597.271484,1561039
2016-09-29,608,611,585.75,602.849976,594.362976,2252434
2016-09-30,601.849976,603.900024,562.25,580.049988,571.883972,6967821
2016-10-03,584.700012,591.700012,582.200012,588.849976,580.560059,1146677
2016-10-04,590.299988,603.849976,590.299988,597.799988,589.384155,1656807
2016-10-05,600,600.150024,590,591.650024,583.320801,961556
2016-10-06,592.5,596.799988,576.849976,578.799988,570.651611,1504743
2016-10-07,578.849976,583.400024,566.5,570.049988,562.02478,1317543
2016-10-10,570.25,584.400024,570.25,580.650024,572.475586,929998
2016-10-13,596.950012,599,580.5,582,573.80658,3834775
2016-10-14,584.75,590,583,587,578.736145,1054501
2016-10-17,589,592.049988,583.650024,586,577.750244,1344977
2016-10-18,587,594,582.25,592.75,584.405212,1213156
2016-10-19,591.200012,598.799988,591.200012,596.349976,587.954529,1001409
2016-10-20,596.5,600.5,593.799988,596.599976,588.200989,913371
2016-10-21,597.5,597.5,570,583.25,575.03894,1792780
2016-10-24,585,594.400024,582,584.700012,576.468567,992033
2016-10-25,586,594.5,582.700012,584.5,576.271423,831989
2016-10-26,583,584.900024,575.150024,577.650024,569.517822,814132
2016-10-27,578,588,570.5,585.75,577.503784,779140
2016-10-28,585.5,586.849976,573.700012,575.150024,567.05304,911117
2016-11-01,579.450012,579.450012,570.099976,571.75,563.700867,880843
2016-11-02,569.950012,569.950012,557.549988,560.099976,552.214844,806345
2016-11-03,556,563.799988,556,560,552.116272,701598
2016-11-04,556.099976,565.5,538,544.700012,537.031616,1517311
2016-11-07,549.5,555.75,544,545.75,538.066895,939497
2016-11-08,549.700012,550.900024,530.200012,535.299988,527.763977,1015538
2016-11-09,512.099976,532,486.549988,526.299988,518.890686,3810958
2016-11-10,545,568,545,563.700012,555.76416,3982787
2016-11-11,559.700012,564,545.25,547.950012,540.235962,1232505
2016-11-15,547.599976,561.049988,528.599976,552.400024,544.623291,1505372
2016-11-16,562,564.849976,535.5,538.150024,530.573914,1169205
2016-11-17,539,549.349976,536.099976,545.700012,538.017578,924167
2016-11-18,541.200012,555.650024,541.200012,550.950012,543.193726,1214083
2016-11-21,550,555.349976,542.099976,545.099976,537.426025,1056778
2016-11-22,547.099976,559.349976,543.5,550.5,542.750061,1300502
2016-11-23,554.900024,559.400024,547.150024,552.799988,545.017578,1520986
2016-11-24,551.400024,558.299988,545.049988,553.650024,545.855652,1816603
2016-11-25,557,569.950012,548.5,565.049988,557.095154,1022658
2016-11-28,569.299988,577,568.049988,570.549988,562.517761,1224023
2016-11-29,573,573.950012,564.299988,569.150024,561.137512,832424
2016-11-30,570,573.25,563.5,566.599976,558.623352,1366319
2016-12-01,567,579.849976,566.099976,568.200012,560.200867,1064251
2016-12-02,566,573.900024,566,571.200012,563.158569,984594
2016-12-05,573.5,581.400024,571.349976,573,564.933228,1158108
2016-12-06,575,580.450012,570.950012,574.849976,566.757202,779936
2016-12-07,577.450012,577.599976,569.400024,570.849976,562.813477,694556
2016-12-08,573.5,583.900024,570.200012,582.75,574.546021,1177494
2016-12-09,586,586,576.450012,578.900024,570.750244,539344
2016-12-12,576.400024,582,572.599976,574.799988,566.707886,848042
2016-12-13,574.099976,581.200012,570.5,578.849976,570.700867,553306
2016-12-14,579,579.650024,564.25,568,560.003662,585671
2016-12-15,568,576.549988,559.099976,563.150024,555.221924,1032429
2016-12-16,562.900024,569.900024,561.349976,566.200012,558.229004,665505
2016-12-19,565,574.5,561.400024,569.150024,561.137512,997716
2016-12-20,572.849976,573.799988,562,563.099976,555.172607,873053
2016-12-21,565,567.400024,561.900024,562.799988,554.876892,743830
2016-12-22,562.299988,565.950012,560,561.400024,553.496582,1870565
2016-12-23,561,589.150024,552,582.299988,574.102295,2585856
2016-12-26,581.299988,581.299988,548.099976,554.950012,547.13739,2106357
2016-12-27,559,566.200012,555.150024,563.650024,555.714905,1063407
2016-12-28,567,572,560.799988,562.400024,554.482483,743252
2016-12-29,563.099976,569,562.75,564.849976,556.89801,985947
2016-12-30,565.599976,573.450012,565.599976,568.799988,560.792358,673901
2017-01-02,569.75,572.450012,563.25,566,558.031799,520139
2017-01-03,566.799988,576.799988,562,573.650024,565.574158,626867
2017-01-04,572.950012,576,567.5,568.25,560.250122,729355
2017-01-05,570.200012,581.5,569.299988,579.849976,571.686829,919562
2017-01-06,580.049988,591,577.200012,582.849976,574.644592,851729
2017-01-09,583.549988,588.950012,574.900024,576.700012,568.581238,545949
2017-01-10,577.5,582.900024,573.599976,574.900024,566.80658,430654
2017-01-11,576.950012,579,569.5,576.950012,568.827637,543706
2017-01-12,573.950012,587.799988,567.299988,586.25,577.996765,1086059
2017-01-13,587,589.099976,579.450012,583.400024,575.18689,557024
2017-01-16,577.400024,592,577.400024,588.799988,580.510803,634510
2017-01-17,590.5,592,581.200012,587.25,578.982666,737937
2017-01-18,588.799988,593.400024,577.349976,580.799988,572.623474,591422
2017-01-19,582.299988,587.400024,573.349976,580.349976,572.17981,772657
2017-01-20,583.799988,592.5,574.400024,577.599976,569.468506,1100568
2017-01-23,574.450012,583.450012,573,575.75,567.644592,1197343
2017-01-24,574.700012,581.299988,574.099976,579.900024,571.736145,527089
2017-01-25,581.25,588.849976,577.650024,585.650024,577.405212,888914
2017-01-27,584.700012,591.400024,579.450012,580.150024,571.982666,622149
2017-01-30,578.700012,584.549988,577.150024,582.25,574.05304,589553
2017-01-31,581.549988,583,572.599976,575.349976,567.250122,712955
2017-02-01,573,579.25,566.299988,572.150024,564.095215,873328
2017-02-02,575,587,567.049988,584.349976,576.123413,1033116
2017-02-03,584.299988,611.5,580.400024,607.900024,599.341919,2491068
2017-02-06,610.349976,621.25,599.099976,601.599976,593.130615,2513820
2017-02-07,601.799988,608,594.599976,597.549988,589.137634,1084820
2017-02-08,600,609,597.75,603.200012,594.70813,2122225
2017-02-09,611,611.549988,584.450012,587.650024,579.377075,4192748
2017-02-10,592,593.75,576.799988,579.950012,571.7854,1485266
2017-02-13,582.700012,585.400024,576.049988,582.650024,574.447388,946922
2017-02-14,582,586.599976,574.099976,576.049988,567.940308,816754
2017-02-15,577.5,578.650024,571.150024,574.25,566.16571,1441907
2017-02-16,575,585.400024,574.5,584.599976,576.369934,1156826
2017-02-17,585.900024,596.450012,580.650024,593.25,584.898193,1209276
2017-02-20,593.200012,597.75,582,592.75,584.405212,1008015
2017-02-21,591.900024,595,588.5,593.099976,584.750244,712028
2017-02-22,592.200012,592.900024,586,589.25,580.954529,942703
2017-02-23,589.299988,594.200012,586.049988,592.400024,584.06012,1263865
2017-02-27,592,594.900024,581.349976,585.25,577.010742,867683
2017-02-28,587.700012,592.799988,582.599976,583.700012,575.482666,749802
2017-03-01,585.700012,592.900024,584.200012,586.299988,578.046021,808027
2017-03-02,588.299988,591.950012,586.400024,589.25,580.954529,1571599
2017-03-03,588.950012,596.700012,585,588.599976,580.313599,759454
2017-03-06,592,595,588.200012,590.099976,581.792542,943409
2017-03-07,591.700012,591.700012,586.099976,588.049988,579.771423,475240
2017-03-08,591.75,593.349976,583.049988,591.849976,583.517883,1055453
2017-03-09,588.799988,593.450012,585.25,589.200012,580.905212,690612
2017-03-10,589.200012,591.5,587.049988,589.099976,580.806641,558480
2017-03-14,597,601.5,590.349976,600.200012,591.750305,1324778
2017-03-15,602,605.849976,598.549988,600.200012,591.750305,1479366
2017-03-16,605.099976,605.900024,598.049988,601.400024,592.933533,852049
2017-03-17,604.5,604.5,594.25,597.299988,588.891174,2189719
2017-03-20,597.5,601.5,593.450012,596.299988,587.905273,1027093
2017-03-21,598.5,598.5,590.299988,591.849976,583.517883,861663
2017-03-22,588.900024,598.450012,587.900024,595.200012,586.820801,1018355
2017-03-23,595.799988,598.200012,582.200012,596.25,587.855957,1555876
2017-03-24,595,598.25,591.5,593.950012,585.588318,930175
2017-03-27,597,597,590,592.099976,583.764343,1038435
2017-03-28,592,596,591.450012,594.150024,585.785461,772698
2017-03-29,595,596.549988,591.900024,593.150024,584.799622,1047812
2017-03-30,594.5,600.849976,591.799988,598.349976,589.926392,2096305
2017-03-31,598,598.900024,591,592.950012,584.602417,2242680
2017-04-03,595.299988,595.299988,590.099976,592.650024,584.306702,758083
2017-04-05,600,603.900024,590.450012,593.049988,584.700928,1926049
2017-04-06,591.5,593.650024,587.049988,590.299988,581.989685,1436914
2017-04-07,590.349976,593.450012,585.150024,590,581.693909,1958876
2017-04-10,591,594.200012,588.25,589.650024,581.348877,1177737
2017-04-11,590,591.650024,575.099976,580.049988,571.883972,2103296
2017-04-12,575,582,570.650024,579.400024,571.243225,1188457
2017-04-13,580.5,582.950012,574.700012,577.25,569.123413,1038273
2017-04-17,580,580,573.049988,576.5,568.383972,487497
2017-04-18,576.5,578.25,573.25,575.799988,567.693848,1062574
2017-04-19,576,577,572.75,575.400024,567.2995,1078477
2017-04-20,576,577.200012,573.299988,574.049988,565.968445,1339006
2017-04-21,573,574,562.700012,564.450012,556.503662,1256922
2017-04-24,565,565.099976,553.650024,557.049988,549.207764,1997176
2017-04-25,556.950012,561.599976,550.299988,552.950012,545.165527,1543039
2017-04-26,549.799988,561,545.400024,556.75,548.912048,1425158
2017-04-27,560,564.799988,555.049988,561.700012,553.792358,2343761
2017-04-28,561.950012,561.950012,555,557.450012,549.602173,865584
2017-05-02,558,559,553.799988,555.349976,547.531677,1380964
2017-05-03,554.599976,558.349976,553.200012,556.049988,548.221863,798476
2017-05-04,557.599976,557.599976,548.200012,549.950012,542.207764,1271612
2017-05-05,549,554.400024,544.150024,549.950012,542.207764,560799
2017-05-08,549.950012,554.799988,546.5,551.549988,543.785217,302450
2017-05-09,552,554,545.049988,552.950012,545.165527,652189
2017-05-10,552.849976,562.549988,551.25,561.049988,553.151489,718502
2017-05-11,562.450012,565,558.299988,561.950012,554.038818,566621
2017-05-12,560.099976,569.849976,557.150024,567.950012,559.954407,725246
2017-05-15,567,572.450012,561,569,560.989624,606569
2017-05-16,566.650024,570,564,565.599976,557.63739,330195
2017-05-17,565.099976,566,560.049988,562.349976,554.433167,895238
2017-05-18,559.299988,564.950012,556.799988,560.099976,552.214844,2155599
2017-05-19,561.299988,566.650024,558.650024,564.950012,556.996582,685662
2017-05-22,567,567.700012,553.099976,563.099976,555.172607,948063
2017-05-23,558.599976,558.799988,531.25,533.200012,525.693542,1225772
2017-05-24,531,536.349976,514,519.650024,512.334351,1340656
2017-05-25,522,525,496.399994,504,496.904663,4378940
2017-05-26,483,504.75,480.200012,488.899994,482.017212,7010307
2017-05-29,492,507.5,488.899994,505.350006,498.235657,4118338
2017-05-30,504.799988,517.599976,501.399994,510.5,503.313141,1047968
2017-05-31,514.799988,520.099976,505,516.349976,509.080719,1366315
2017-06-01,519.700012,529.900024,513.049988,515.549988,508.292023,1433241
2017-06-02,517.700012,533.900024,517.700012,530.049988,522.587952,2152367
2017-06-05,531.299988,536.700012,528,534.799988,527.270996,802335
2017-06-06,537.700012,539.549988,522.349976,534.650024,527.123169,765557
2017-06-07,536.400024,543.450012,530.700012,540.200012,532.595032,719071
2017-06-08,538.75,554.700012,537.099976,550.150024,542.404968,1396596
2017-06-09,554.5,555.799988,545.25,551.099976,543.341553,867969
2017-06-12,549,555.200012,544.549988,553.349976,545.559875,910344
2017-06-13,553.349976,555,546.549988,551.549988,543.785217,946713
2017-06-14,551.5,554.5,536.349976,539.900024,532.299255,1176535
2017-06-15,539.700012,550.900024,537.049988,549.450012,541.714844,826366
2017-06-16,548,551.950012,535.049988,536.75,529.193604,1127326
2017-06-19,537.099976,542.5,524,539.75,532.151367,1723168
2017-06-20,539.75,549.5,536,547.849976,540.137329,774728
2017-06-21,544.5,546,535.200012,541,533.383728,784293
2017-06-22,540,545.549988,539.049988,540.150024,532.545776,750732
2017-06-23,540.900024,544,538.299988,541.150024,533.531677,603986
2017-06-27,542.5,551.599976,533.099976,534.650024,527.123169,1038604
2017-06-28,535.400024,538.650024,531,536.849976,529.292114,601643
2017-06-29,538.450012,546.950012,534.25,543.75,536.095032,1252382
2017-06-30,545,558.900024,542.5,555.599976,547.778259,830751
2017-07-03,559,559.900024,548.849976,551.849976,544.080933,490390
2017-07-04,557.700012,558,543.299988,545.049988,537.37677,559358
2017-07-05,546.099976,547.799988,541.450012,545.900024,538.214844,833105
2017-07-06,546.349976,547.900024,540.099976,542.849976,535.207703,556426
2017-07-07,542.599976,552,541.5,547.150024,539.447205,893680
2017-07-10,560,560,546.099976,549.200012,541.468323,123363
2017-07-11,550.5,552.650024,536.049988,538.450012,530.869629,1526837
2017-07-12,539.450012,543.5,537,539.950012,532.348572,1039208
2017-07-13,540.200012,544.450012,538.849976,543.650024,535.99646,694180
2017-07-14,544.25,551.150024,540.849976,548.049988,540.334473,960041
2017-07-17,549,559,546.700012,556.5,548.665527,692893
2017-07-18,558,567,555.099976,559.75,551.869812,1319574
2017-07-19,560.200012,569.450012,560.200012,568.25,560.250122,761444
2017-07-20,569,577,562.650024,571.900024,563.848755,1090882
2017-07-21,570,570,560.150024,566.200012,558.229004,672906
2017-07-24,564,575.5,562.099976,569.75,561.729004,873677
2017-07-25,571,571.400024,562.400024,564.400024,556.454407,510032
2017-07-26,564.700012,577.450012,563.5,575.450012,569.366394,864728
2017-07-27,573.700012,579.400024,565,568.700012,562.687744,1853099
2017-07-28,566.75,570.900024,556.5,566.099976,560.115234,907951
2017-07-31,567.549988,568.950012,556.799988,560.099976,554.17865,753415
2017-08-01,560.099976,565.900024,558.5,562.450012,556.503845,712732
2017-08-02,562.849976,570.900024,560,568.549988,562.539307,664681
2017-08-03,568.549988,575,553.799988,557.150024,551.259888,1065451
2017-08-04,551.900024,571.700012,543.049988,568.700012,562.687744,1004233
2017-08-07,566.5,571.099976,553,566.5,560.510986,769606
2017-08-08,560.799988,580,560.799988,578.599976,572.483093,1367344
2017-08-09,581,581,557.25,561.849976,555.910156,1801630
2017-08-10,560,569.849976,541.5,548.200012,542.404541,1217416
2017-08-11,545,563.700012,525.450012,541.400024,535.676392,4337214
2017-08-14,560,576,552.099976,570.049988,564.023438,4029605
2017-08-16,569.5,593.700012,561.049988,590.450012,584.207825,1838012
2017-08-17,593.400024,594,569.900024,573.200012,567.140198,1422631
2017-08-18,573.400024,575.799988,560.200012,565.299988,559.323669,1680225
2017-08-21,566.900024,570,555.150024,561.75,555.811218,1222907
2017-08-22,562.049988,567.650024,558,559.25,553.337646,848353
2017-08-23,561.700012,565,556.650024,559.150024,553.23877,848822
2017-08-24,559,575.75,557.299988,574.049988,567.981201,1866440
2017-08-28,575.5,581,570.549988,574.099976,568.03064,905222
2017-08-29,570.549988,574.049988,564.5,568.900024,562.88562,608351
2017-08-30,574,576,565.5,566.349976,560.362549,596376
2017-08-31,570,578,562,571.900024,565.853943,1908728
2017-09-01,573,577.349976,565.099976,568.400024,562.39093,891591
2017-09-04,574.5,577,557.549988,561.700012,555.76178,1731377
2017-09-05,564.700012,565.849976,556.900024,559.599976,553.683899,928770
2017-09-06,558.900024,560.599976,553.849976,558.299988,552.397644,581901
2017-09-07,560,561,551.299988,554.200012,548.341064,885205
2017-09-08,554.5,558,549.150024,552,546.164307,775272
2017-09-11,555.099976,558.150024,550,553.849976,547.99469,523800
2017-09-12,554.400024,562.799988,543.349976,560.5,554.574463,1330724
2017-09-13,556,562.099976,552.549988,554.400024,548.53894,1159840
2017-09-14,556,567.299988,555.450012,565.950012,559.966858,1600717
2017-09-15,564.849976,565.75,556.549988,561.400024,555.464966,926019
2017-09-18,563.200012,572.150024,560.650024,570.700012,564.666626,649831
2017-09-19,571.700012,574.5,564.5,573.400024,567.338074,675306
2017-09-20,572.5,573.799988,565.200012,569.700012,563.677185,759531
2017-09-21,570.049988,594,570.049988,591.900024,585.642517,3102522
2017-09-22,591.900024,600,582.450012,585.349976,579.161682,4003845
2017-09-25,581.900024,594.400024,564.349976,577.200012,571.0979,2389495
2017-09-26,582,582,570,579,572.878845,978323
2017-09-27,579.599976,580.700012,563,570.099976,564.072876,561243
2017-09-28,565,589,564.150024,582.650024,576.490295,2993535
2017-09-29,580,592,577.75,586.099976,579.903748,1021610
2017-10-03,590.099976,592.75,575.5,578.900024,572.779968,522462
2017-10-04,579.900024,587.400024,579.299988,581.049988,574.907166,631463
2017-10-05,583,590,579.049988,585.349976,579.161682,647977
2017-10-06,586.099976,589.200012,582.849976,585.400024,579.211182,462656
2017-10-09,584.900024,595.5,578.5,585.549988,579.359558,1116280
2017-10-10,590,593.450012,585.549988,590.150024,583.91095,741493
2017-10-11,591,594,579.549988,586.150024,579.953308,1053561
2017-10-12,589.450012,593.349976,580.299988,589.650024,583.41626,751507
2017-10-13,590.299988,598.25,588.299988,592.849976,586.582397,936015
2017-10-16,595,608.900024,594.299988,606.75,600.33551,1716771
2017-10-17,606,635.900024,602,632.099976,625.417419,2563968
2017-10-18,631,631,609,611,604.540527,1185323
2017-10-19,613.950012,613.950012,602.049988,607.799988,601.37439,151609
2017-10-23,613,619.450012,589.5,592.900024,586.631958,1413195
2017-10-24,600.299988,600.650024,591.299988,595.049988,588.759216,1138645
2017-10-25,599,604,589.5,592.650024,586.384583,991374
2017-10-26,595.400024,616.799988,592.549988,611.5,605.035278,2002276
2017-10-27,625,629.799988,616.200012,625.049988,618.442017,2198491
2017-10-30,623.25,630,614.549988,626.049988,619.431396,1045267
2017-10-31,629,634.900024,621.599976,627.599976,620.965088,1522851
2017-11-01,628.25,633.349976,621.150024,626.75,620.124084,1359809
2017-11-02,626.400024,642.799988,625.150024,636,629.276245,2058898
2017-11-03,640,648.150024,629.549988,640.099976,633.332886,1722647
2017-11-06,637.099976,661,636.900024,654.799988,647.877502,2195805
2017-11-07,663.400024,663.400024,602,607.549988,601.127014,7331364
2017-11-08,624.849976,637.799988,620,622.599976,616.017883,5570213
2017-11-09,624,628,611.599976,614.549988,608.052979,1809019
2017-11-10,617.5,621.5,603.650024,609.299988,602.858521,1400233
2017-11-13,610.299988,611.299988,595.700012,602.099976,595.734619,1109147
2017-11-14,598,613.299988,598,602.450012,596.080933,1498244
2017-11-15,602.650024,607.950012,590.200012,593.650024,587.373962,1171698
2017-11-16,595.349976,599.450012,590,592.849976,586.582397,1228065
2017-11-17,607,614.900024,600.650024,608.549988,602.116455,1448847
2017-11-20,605.549988,608,596.099976,604.25,597.861938,1609788
2017-11-21,607,624,607,616.099976,609.586609,2222545
2017-11-22,616.900024,625.700012,614,619.25,612.703308,2014698
2017-11-23,619.25,625.200012,615,617.599976,611.07074,792383
2017-11-24,619.5,623.900024,613.25,615.700012,609.190857,1118354
2017-11-27,617,619.900024,611.049988,614.799988,608.300415,1388114
2017-11-28,616,621.700012,609.799988,611.799988,605.332092,1486189
2017-11-29,615,619.400024,605.25,607.900024,601.473389,1465289
2017-11-30,605,607.849976,597.049988,600.900024,594.547363,1612910
2017-12-01,604.5,606,593.700012,598.099976,591.776917,747562
2017-12-04,599.299988,602.799988,588.799988,596.700012,590.391724,660077
2017-12-05,595,599.849976,591.75,596.450012,590.144409,979009
2017-12-06,595.799988,603.799988,594.5,596.450012,590.144409,919271
2017-12-07,598,600,588.299988,593.450012,587.176086,752359
2017-12-08,595,607,592.450012,603.099976,596.72406,606123
2017-12-11,612,612.950012,597.200012,603.650024,597.268311,850998
2017-12-12,604.700012,606,590,591.650024,585.395142,762200
2017-12-13,591.5,598.150024,576.349976,578.150024,572.037842,1197264
2017-12-14,580,593.700012,575.099976,590.450012,584.207825,1428906
2017-12-15,597,597,573.200012,576.450012,570.355835,4312419
2017-12-18,578.400024,594.900024,571.650024,591.650024,585.395142,2379562
2017-12-19,592.450012,605.700012,592.450012,603.900024,597.515625,1474696
2017-12-20,605.700012,611,597.75,600.650024,594.299988,1068145
2017-12-21,602.950012,608.700012,596,599.799988,593.458984,1274585
2017-12-22,603,604,598.849976,601.200012,594.844177,668806
2017-12-26,604.049988,614.900024,596.099976,611.75,605.282654,1239536
2017-12-27,613,623.75,610.200012,612.650024,606.173157,1765029
2017-12-28,614,616.150024,603.200012,606.049988,599.642883,1428319
2017-12-29,606.150024,611.900024,604.099976,608.5,602.066956,702774
2018-01-01,608,617.849976,607,611.5,605.035278,873546
2018-01-02,614.200012,619,605.5,607.799988,601.37439,1038258
2018-01-03,611,613.900024,604.549988,606.799988,600.384949,771828
2018-01-04,609.450012,618.400024,603.450012,616.75,610.229736,990602
2018-01-05,617,619.849976,611.099976,615.150024,608.646729,1072254
2018-01-08,618.5,627.5,612.200012,615.049988,608.547729,1061612
2018-01-09,617,618.650024,610.650024,615.599976,609.091858,846158
2018-01-10,616,624.150024,612.849976,619.75,613.198059,1207313
2018-01-11,619,619,609.099976,612.349976,605.876221,1092456
2018-01-12,614,618.400024,603.099976,612.099976,605.628906,891848
2018-01-15,612.5,615.5,608.200012,610.25,603.798523,470386
2018-01-16,610.150024,613.5,599,601.400024,595.042053,1088762
2018-01-17,601.049988,610.599976,597.049988,607.150024,600.731262,883340
2018-01-18,608.099976,612.950012,598.25,603.650024,597.268311,1028921
2018-01-19,603.650024,605.099976,600.150024,602.75,596.377747,818518
2018-01-22,604.400024,605,593.099976,601.150024,594.794739,933769
2018-01-23,602.5,625,600.299988,622.349976,615.770569,2105060
2018-01-24,621.950012,623.75,612.900024,618.299988,611.763367,1089562
2018-01-25,618.150024,631,613.700012,621.400024,614.830627,2973765
2018-01-29,624.950012,628.400024,611.099976,615,608.498291,1564268
2018-01-30,613,613.099976,603.200012,605.950012,599.543945,596682
2018-01-31,608,608.5,590,592.150024,585.889832,1264055
2018-02-01,591.900024,597,580.200012,587.049988,580.84375,1050098
2018-02-02,586,593.900024,575.099976,581.150024,575.006165,998752
2018-02-05,576,582.099976,571.200012,580.099976,573.967224,797017
2018-02-06,561,572,558.049988,564.25,558.28479,1284112
2018-02-07,578.5,579.900024,554.200012,569.25,563.231934,3161498
2018-02-08,584,617.150024,580.150024,612.650024,606.173157,8349913
2018-02-09,595,626,595,621.400024,614.830627,2373799
2018-02-12,629.349976,635,618.849976,621.650024,615.077942,1957424
2018-02-14,622.099976,630.299988,611.5,616.150024,609.636169,1306512
2018-02-15,613.25,621.450012,602.950012,605.849976,599.445007,1391858
2018-02-16,611.299988,613.950012,605.5,611.099976,604.639465,906025
2018-02-19,612,612.150024,594.349976,600.400024,594.052612,1216005
2018-02-20,603.450012,606.099976,592,603.450012,597.070374,1599249
2018-02-21,607,607.75,589.25,597.25,590.935974,1409752
2018-02-22,595,597.25,586.599976,589.650024,583.41626,1859008
2018-02-23,591.799988,605,590,595.650024,589.352844,1576584
2018-02-26,596.25,598.299988,588.75,590.099976,583.86145,1417465
2018-02-27,591.700012,598.900024,583.099976,586.5,580.299561,1349590
2018-02-28,590,596.599976,587.099976,589.650024,583.41626,2255189
2018-03-01,593.900024,593.900024,580.400024,581.700012,575.550293,1343806
2018-03-05,582.099976,585,578.049988,579.25,573.126221,1179725
2018-03-06,581.599976,589.400024,580.049988,584.099976,577.924927,1891302
2018-03-07,587.450012,589.099976,578.200012,580.200012,574.066162,1849650
2018-03-08,584,584,574,578,571.889404,1084582
2018-03-09,579.950012,585.200012,568.049988,571.049988,565.012878,1149194
2018-03-12,575.049988,582.200012,563.549988,580.650024,574.511414,919792
2018-03-13,579,582.900024,575.150024,578.75,572.631531,801792
2018-03-14,578.349976,583.799988,571.650024,577.900024,571.790527,811747
2018-03-15,578,579.599976,569,571.150024,565.111877,849222
2018-03-16,570.099976,574,557.049988,559.400024,553.486084,1867538
2018-03-19,563.650024,566.900024,555.400024,559.75,553.832336,1447941
2018-03-20,555.099976,561.849976,522.900024,552.900024,547.05481,9119209
2018-03-21,558.5,567.450012,546.400024,551.049988,545.224304,3091963
2018-03-22,551.900024,555,538.150024,540.75,535.033203,1506405
2018-03-23,539,540.700012,534,538.400024,532.708069,1203262
2018-03-26,538.150024,544.599976,532.950012,541.799988,536.072144,1105319
2018-03-27,541,549,541,545.049988,539.287781,2206872
2018-03-28,544,548.799988,534,545.450012,539.683533,2667979
2018-04-02,548,578.950012,545.900024,576.25,570.157959,2823880
2018-04-03,572,578.349976,568.799988,570.299988,564.270813,2493190
2018-04-04,572.349976,575.450012,564.5,569.799988,563.776123,1852997
2018-04-05,574,578.549988,558.349976,560.349976,554.426025,2396864
2018-04-06,560.299988,571,557.25,558.950012,553.040833,2420324
2018-04-09,565.900024,565.900024,555.5,556.75,550.864075,1470765
2018-04-10,558,567,556.599976,558.150024,552.249329,1591682
2018-04-11,560.700012,564,558.5,561.5,555.563843,1789789
2018-04-12,562.900024,562.950012,554.799988,556.150024,550.270447,1309557
2018-04-13,557.549988,561.150024,552.549988,555.5,549.627319,1019158
2018-04-16,553.049988,587.799988,553.049988,584.950012,578.765991,6741354
2018-04-17,585.549988,588.349976,575.700012,579.950012,573.818848,2688507
2018-04-18,582,597,582,584.599976,578.419678,3853951
2018-04-19,584.25,592,583.049988,584.400024,578.221802,1525419
2018-04-20,582.349976,593.400024,581.5,589.049988,582.822571,1641179
2018-04-23,576,601.75,576,600.150024,593.805298,3016500
2018-04-24,601,604.900024,595.099976,601.900024,595.536743,2782988
2018-04-25,600.5,600.5,586.200012,593.049988,586.780334,1125208
2018-04-26,591,602.900024,590.549988,599.950012,593.607422,1503008
2018-04-27,602,607,593,599.849976,593.508423,1031376
2018-04-30,602.200012,609,602,607.400024,600.978638,687828
2018-05-02,610,621.900024,608.950012,612,605.529968,1862999
2018-05-03,613,613.099976,597,609.299988,602.858521,999887
2018-05-04,612.099976,612.450012,595.5,597,590.688538,925559
2018-05-07,598.599976,600.099976,585,591.049988,584.801453,1046885
2018-05-08,592.400024,601.950012,586.549988,590.650024,584.405701,1039491
2018-05-09,591.400024,596,585.549988,588,581.783752,652527
2018-05-10,594,594.599976,572.5,575.5,569.415894,2163326
2018-05-11,577.049988,580.75,565.099976,573.700012,567.634888,921890
2018-05-14,575,580.5,570.849976,578.5,572.384094,888370
2018-05-15,579.799988,593,573.099976,575.799988,569.712646,2049528
2018-05-16,575,575,546,559.900024,553.980835,4071898
2018-05-17,557.900024,560,538.799988,553.75,547.895752,3719963
2018-05-18,555,556,530,533.049988,527.414673,1708157
2018-05-21,531.650024,536.799988,516,520.450012,514.947876,2013336
2018-05-22,524.799988,531.099976,507.200012,524,518.460327,3080285
2018-05-23,515,564.900024,515,532.400024,526.771545,7413823
2018-05-24,536.5,544.549988,530,533.5,527.859863,1925524
2018-05-25,538.849976,538.849976,527.5,536.650024,530.976624,1525355
2018-05-28,534,548.299988,534,539.5,533.796448,1460566
2018-05-29,539.099976,542.599976,527.700012,530.599976,524.990479,2656979
2018-05-30,529.099976,529.099976,519.549988,525.599976,520.043335,2156315
2018-05-31,528.599976,533.650024,521.049988,524.799988,519.251831,3539206
2018-06-01,526.950012,530.75,521.049988,524.5,518.955017,1625446
2018-06-04,527.5,529,517.150024,520.700012,515.19519,1247023
2018-06-05,520.299988,544.75,517.700012,542.099976,536.368896,3398337
2018-06-06,542.099976,548,533.400024,538.450012,532.757568,2909756
2018-06-07,541.950012,542.549988,537.200012,540.700012,534.983765,1119973
2018-06-08,541.799988,562,538.75,559.650024,553.733398,4815940
2018-06-11,560,570,559,560.799988,554.871216,3113604
2018-06-12,561.900024,573,561,567.099976,561.104675,3234303
2018-06-13,569.950012,593.5,569.950012,582.099976,575.946106,4657712
2018-06-14,588.950012,592.900024,583.5,588.049988,581.833191,3244655
2018-06-15,590,614.549988,589.799988,611.599976,605.134216,7125922
2018-06-18,612,618.799988,600.299988,606.5,600.088074,2518169
2018-06-19,606.25,610.450012,598.200012,601.849976,595.487244,2992184
2018-06-20,613,622.75,600.349976,602.849976,596.476685,9121187
2018-06-21,608.799988,609.700012,602,603.5,597.119873,3052143
2018-06-22,604,618.049988,595.25,615.75,609.240295,3245849
2018-06-25,615.099976,622.549988,608,611.400024,604.936401,3253606
2018-06-26,606,608.700012,597.25,599.5,593.162109,2323337
2018-06-27,602.5,606.950012,593,602.299988,595.932556,2520918
2018-06-28,604.5,609.900024,596,600.900024,594.547363,4173735
2018-06-29,601.5,619.900024,599.900024,616.650024,610.130859,1525608
2018-07-02,620,620,611,617,610.477112,1502606
2018-07-03,617,644.650024,608.049988,640.400024,633.629761,5271600
2018-07-04,644.950012,648,623.799988,628.900024,622.251343,5043141
2018-07-05,632,637,623.099976,626.549988,619.926147,2127794
2018-07-06,624.900024,631,610.400024,612.5,606.024719,2514518
2018-07-09,616.849976,625,615,622.900024,616.314758,1462808
2018-07-10,626.599976,633.900024,620.150024,632.049988,625.367981,1872744
2018-07-11,626.299988,630.5,621.299988,625.299988,618.689392,1669583
2018-07-12,629.400024,636.700012,622.700012,633.349976,626.654236,2177684
2018-07-13,634,634,624.200012,626.700012,620.074585,1475306
2018-07-16,629.400024,636,611.150024,620.950012,614.385376,2211200
2018-07-17,621.900024,639.599976,620.099976,637.450012,630.710938,2228377
2018-07-18,640,644,625.099976,627.400024,620.767151,2348371
2018-07-19,629.799988,632.099976,606.150024,610.099976,603.650085,1424272
2018-07-20,614.950012,630,602.150024,625.799988,619.184082,2832150
2018-07-23,623.150024,637.299988,617.25,634.099976,627.396301,1553101
2018-07-24,633.950012,633.950012,624.5,627.349976,620.717651,1319369
2018-07-25,629,631,613.450012,623.900024,617.304199,1413265
2018-07-26,619,631.25,617.450012,627.849976,621.212402,3163498
2018-07-27,627.75,641.900024,625.900024,636.200012,629.474182,1508269
2018-07-30,633,636.25,628,634.299988,627.594177,990056
2018-07-31,636.950012,647,628.099976,641.349976,634.569641,2469759
2018-08-01,641,641.549988,635,639.150024,632.392944,2411436
2018-08-02,635,651.900024,633.049988,638.5,631.749817,3974559
2018-08-03,640.950012,647.599976,639,641.049988,634.272827,1530341
2018-08-06,647,648.799988,635.299988,637.950012,631.205627,2716402
2018-08-07,642.900024,642.900024,627.099976,629.450012,622.795532,2414434
2018-08-08,629,645.450012,623.599976,632.549988,625.862732,4121062
2018-08-09,649,662.5,616.700012,619.150024,612.604431,9996909
2018-08-10,624.950012,628.5,614.5,621.049988,614.484314,3168280
2018-08-13,622,631.549988,619.200012,628.299988,624.675171,2374657
2018-08-14,629.099976,647,624,642.75,639.041809,2451003
2018-08-16,644.700012,660,634.25,648.349976,644.609497,3925549
2018-08-17,650.049988,655.5,643.700012,646.900024,643.167908,2915387
2018-08-20,649.900024,653.5,642.400024,643.849976,640.135437,1296664
2018-08-21,647.900024,654.450012,644,650.25,646.498535,1981523
2018-08-23,653.450012,665,652.700012,657.950012,654.154114,2891829
2018-08-24,658,658,645,651.200012,647.443054,1904031
2018-08-27,653,662.5,648.200012,659.599976,655.794556,1381724
2018-08-28,662,677.5,644.650024,648.299988,644.559753,5237362
2018-08-29,650,653.650024,640,643.5,639.787476,1891523
2018-08-30,645,651.900024,640.5,649.450012,645.703186,2124122
2018-08-31,649.549988,664,649.549988,662.150024,658.329895,3056580
2018-09-03,665.5,671.200012,646.599976,649.099976,645.355164,1971733
2018-09-04,649.799988,655,638.400024,643.900024,640.185181,2249087
2018-09-05,645.049988,650.900024,637.200012,646.549988,642.819885,2542543
2018-09-06,651,664.700012,647,662.099976,658.280151,2841096
2018-09-07,663.849976,669.5,656.299988,664.75,660.914917,2431363
2018-09-10,665,678,664,668.049988,664.195862,3453432
2018-09-11,670.099976,675,650.599976,654.900024,651.121765,3399042
2018-09-12,654.900024,662,643.25,656.450012,652.662781,3302191
2018-09-14,664,670,659.049988,666.400024,662.55542,1512857
2018-09-17,673,673,660.400024,664.900024,661.064026,2220455
2018-09-18,665,673,660.599976,663.700012,659.870972,1814726
2018-09-19,668,678.450012,645.75,660.599976,656.788818,3043018
2018-09-21,668,671.549988,638.400024,653.200012,649.431519,2276641
2018-09-24,662,668.950012,640.799988,645.599976,641.875366,2766326
2018-09-25,644,665.799988,643,661.75,657.93219,2295464
2018-09-26,664.450012,675.25,656,672.799988,668.918457,2131833
2018-09-27,675,677,655.950012,659.349976,655.546021,3433359
2018-09-28,659.349976,663,647.200012,654.049988,650.276611,1862405
2018-10-01,653.049988,659,643.5,654.150024,650.376038,1309530
2018-10-03,650,663.950012,650,654.549988,650.773743,1533990
2018-10-04,650.099976,654.650024,632.099976,638.400024,634.716919,1736407
2018-10-05,635.299988,649.549988,631,636.650024,632.977051,1806150
2018-10-08,636.599976,642.650024,628.450012,638.799988,635.114563,1564640
2018-10-09,639.5,643.099976,625.25,639.349976,635.661377,1535781
2018-10-10,639.349976,651,633.299988,639.599976,635.909973,1881053
2018-10-11,627.5,633.799988,613.049988,616.200012,612.64502,1707508
2018-10-12,620,627.200012,612.599976,622.900024,619.306335,2085360
2018-10-15,623,649.799988,618.049988,647.849976,644.112366,2666868
2018-10-16,647.849976,651.650024,637.349976,639.75,636.059143,1510216
2018-10-17,644.900024,646,637,640.450012,636.755066,1280980
2018-10-19,640.299988,645.549988,626.099976,633.799988,630.143433,2267774
2018-10-22,635.200012,640.650024,626.849976,629.650024,626.017395,1399755
2018-10-23,628.799988,632,616,622.349976,618.75946,1370461
2018-10-24,625.5,635,615.599976,621.299988,617.715576,987144
2018-10-25,618.549988,624,605.150024,609,605.486511,5739386
2018-10-26,609.200012,612.349976,598.650024,603.700012,600.217102,1935618
2018-10-29,602.349976,638.200012,601.450012,635.150024,631.485657,1614423
2018-10-30,636,636.700012,608.099976,610.349976,606.828735,2418471
2018-10-31,612,631.75,606.299988,629.25,625.61969,2305046
2018-11-01,630,631.950012,614,615.400024,611.849609,1442392
2018-11-02,619.950012,619.950012,605.5,607.099976,603.597473,1566053
2018-11-05,607.400024,617.5,557.099976,563.049988,559.801636,12941350
2018-11-06,555,555,527.349976,530.799988,527.737671,16941828
2018-11-07,536,536,532.099976,533.349976,530.272949,698244
2018-11-09,535.5,535.799988,524,526.950012,523.909912,6125274
2018-11-12,530,541.900024,529.049988,531.849976,528.781616,7669697
2018-11-13,534,534,526.5,528.099976,525.053223,2410241
2018-11-14,530.599976,532.599976,517,519.549988,516.552551,2740756
2018-11-15,521.900024,525,514.450012,519.150024,516.154907,2661535
2018-11-16,521.700012,534,521.099976,530.599976,527.538818,3483625
2018-11-19,535,536,523.950012,528.25,525.202393,1913914
2018-11-20,528,529.849976,518.650024,520.700012,517.695984,1707971
2018-11-21,522.799988,528.049988,521.299988,522.150024,519.137634,1749806
2018-11-22,523,525,511.75,517.950012,514.961853,2045318
2018-11-26,520,523.75,512.799988,522.099976,519.08783,1728468
2018-11-27,526,526.950012,513.049988,517.650024,514.663574,2100159
2018-11-28,519.200012,523.950012,513.599976,515.299988,512.327087,2003272
2018-11-29,518,526.400024,516,524.700012,521.672913,2799578
2018-11-30,528,542,527,540.849976,537.729675,3855382
2018-12-03,542,545.400024,534.099976,535.799988,532.708801,2033213
2018-12-04,536,549,535.049988,546.450012,543.297424,3400053
2018-12-05,546,548.900024,525.299988,528.450012,525.401245,2192065
2018-12-06,528,528,511,515.299988,512.327087,2562048
2018-12-07,520,530.650024,512,513.599976,510.636902,3503808
2018-12-10,509.899994,514.849976,503.100006,512.549988,509.592957,2201377
2018-12-11,503,523.950012,503,518.700012,515.70752,2326059
2018-12-12,522.900024,534.299988,521.099976,531.299988,528.234802,1683131
2018-12-13,532,533.799988,519.200012,527,523.959595,2234487
2018-12-14,528.349976,533.799988,516.650024,521.75,518.739868,1950888
2018-12-17,524,529.349976,520.700012,523.650024,520.628967,1196871
2018-12-18,524,527,520.049988,522.900024,519.883301,1628240
2018-12-19,524,528.599976,522.549988,524.75,521.722595,1241000
2018-12-20,523.700012,526,515.400024,520.25,517.248535,2074097
2018-12-21,521,523.950012,514.299988,516.650024,513.669312,1758710
2018-12-24,518.799988,520.799988,513,518.799988,515.806885,1214348
2018-12-26,515.599976,519,507.299988,514.299988,511.332855,1318560
2018-12-27,518.900024,521,514,517.900024,514.912109,1351636
2018-12-28,514.299988,525.349976,514.299988,522,518.988464,1933464
2018-12-31,522,526,517.200012,519.5,516.502869,1897948
